Workbook

Sheet Infrastructure Data
A1: month_date | B1: month_label | C1: year | D1: month | E1: indicator_code | F1: indicator_name | G1: major_section | H1: sub_section | I1: infra_category | J1: hierarchy_level | K1: count_lakh | L1: count_actual | M1: count_source_col | N1: value_source_col | O1: raw_count_str | P1: raw_value_str | Q1: anomaly_flag | R1: notes
A2: 43770 | B2: 43770 | C2: 2019 | D2: 11 | E2: ATMS_BANK_OWNED | F2: 3.1 Bank owned ATMs $ | G2: Payment System Infrastructures | H2: II Retail | I2: ATM Terminals Deployed | J2: Component | K2: 2.1 | L2: 210000 | M2: c130 | N2: c131 | O2: 2.10 | P2: - | Q2: NONE
A3: 43770 | B3: 43770 | C3: 2019 | D3: 11 | E3: ATMS_TOTAL_DEPLOYED | F3: 3 Number of ATMs (3.1 to 3.2) | G3: Payment System Infrastructures | H3: II Retail | I3: ATM Terminals Deployed | J3: Category_Total | K3: 2.32 | L3: 232000 | M3: c128 | N3: c129 | O3: 2.32 | P3: - | Q3: NONE
A4: 43770 | B4: 43770 | C4: 2019 | D4: 11 | E4: ATMS_WHITE_LABEL | F4: 3.2 White Label ATMs $ | G4: Payment System Infrastructures | H4: II Retail | I4: ATM Terminals Deployed | J4: Component | K4: 0.22 | L4: 22000 | M4: c132 | N4: c133 | O4: 0.22 | P4: - | Q4: NONE
A5: 43770 | B5: 43770 | C5: 2019 | D5: 11 | E5: BHARAT_QR_DEPLOYED | F5: 6 Bharat QR @ | G5: Payment System Infrastructures | H5: II Retail | I5: Merchant Acquiring Touchpoints | J5: Component | K5: 15.94 | L5: 1594000 | M5: c138 | N5: c139 | O5: 15.94 | P5: - | Q5: NONE
A6: 43770 | B6: 43770 | C6: 2019 | D6: 11 | E6: CARDS_CREDIT_OUTSTANDING | F6: 1.1 Credit Cards | G6: Payment System Infrastructures | H6: II Retail | I6: Payment Cards in Force | J6: Component | K6: 544.11 | L6: 54411000 | M6: c118 | N6: c119 | O6: 544.11 | P6: - | Q6: NONE
A7: 43770 | B7: 43770 | C7: 2019 | D7: 11 | E7: CARDS_DEBIT_OUTSTANDING | F7: 1.2 Debit Cards | G7: Payment System Infrastructures | H7: II Retail | I7: Payment Cards in Force | J7: Component | K7: 8307.59 | L7: 830759000 | M7: c120 | N7: c121 | O7: 8307.59 | P7: - | Q7: NONE
A8: 43770 | B8: 43770 | C8: 2019 | D8: 11 | E8: CARDS_TOTAL_OUTSTANDING | F8: 1 Number of Cards (1.1 to 1.2) | G8: Payment System Infrastructures | H8: II Retail | I8: Payment Cards in Force | J8: Category_Total | K8: 8851.69 | L8: 885169000 | M8: c116 | N8: c117 | O8: 8851.69 | P8: - | Q8: NONE
A9: 43770 | B9: 43770 | C9: 2019 | D9: 11 | E9: MICRO_ATMS_DEPLOYED | F9: 4 Number of Micro ATMs @ | G9: Payment System Infrastructures | H9: II Retail | I9: Micro-ATM Footprint | J9: Component | K9: 3.74 | L9: 374000 | M9: c134 | N9: c135 | O9: 3.74 | P9: - | Q9: NONE
A10: 43770 | B10: 43770 | C10: 2019 | D10: 11 | E10: POS_TERMINALS_DEPLOYED | F10: 5 Number of PoS Terminals | G10: Payment System Infrastructures | H10: II Retail | I10: Merchant Acquiring Touchpoints | J10: Component | K10: 41.28 | L10: 4128000 | M10: c136 | N10: c137 | O10: 41.28 | P10: - | Q10: NONE
A11: 43770 | B11: 43770 | C11: 2019 | D11: 11 | E11: PPIS_CARDS_ISSUED | F11: 2.2 Cards @ | G11: Payment System Infrastructures | H11: II Retail | I11: Prepaid Instruments in Force | J11: Component | K11: 1019.33 | L11: 101933000 | M11: c126 | N11: c127 | O11: 1019.33 | P11: - | Q11: NONE
A12: 43770 | B12: 43770 | C12: 2019 | D12: 11 | E12: PPIS_TOTAL_ISSUED | F12: 2 Number of PPIs @ (2.1 to 2.2) | G12: Payment System Infrastructures | H12: II Retail | I12: Prepaid Instruments in Force | J12: Category_Total | K12: 17263.2 | L12: 1726320000 | M12: c122 | N12: c123 | O12: 17263.20 | P12: - | Q12: NONE
A13: 43770 | B13: 43770 | C13: 2019 | D13: 11 | E13: PPIS_WALLETS_ISSUED | F13: 2.1 Wallets @ | G13: Payment System Infrastructures | H13: II Retail | I13: Prepaid Instruments in Force | J13: Component | K13: 16243.87 | L13: 1624387000 | M13: c124 | N13: c125 | O13: 16243.87 | P13: - | Q13: NONE
A14: 43770 | B14: 43770 | C14: 2019 | D14: 11 | E14: UPI_QR_STATIC_DEPLOYED | F14: 7 UPI QR * | G14: Payment System Infrastructures | H14: II Retail | I14: Merchant Acquiring Touchpoints | J14: Component | M14: c140 | N14: c141 | O14: - | P14: - | Q14: PRE_LAUNCH_NOT_REPORTED | R14: Static UPI QR tracking initiated w.e.f. September 2020 per Footnote 1 (*).
A15: 43800 | B15: 43800 | C15: 2019 | D15: 12 | E15: ATMS_BANK_OWNED | F15: 3.1 Bank owned ATMs $ | G15: Payment System Infrastructures | H15: II Retail | I15: ATM Terminals Deployed | J15: Component | K15: 2.1 | L15: 210000 | M15: c130 | N15: c131 | O15: 2.10 | P15: - | Q15: NONE
A16: 43800 | B16: 43800 | C16: 2019 | D16: 12 | E16: ATMS_TOTAL_DEPLOYED | F16: 3 Number of ATMs (3.1 to 3.2) | G16: Payment System Infrastructures | H16: II Retail | I16: ATM Terminals Deployed | J16: Category_Total | K16: 2.32 | L16: 232000 | M16: c128 | N16: c129 | O16: 2.32 | P16: - | Q16: NONE
A17: 43800 | B17: 43800 | C17: 2019 | D17: 12 | E17: ATMS_WHITE_LABEL | F17: 3.2 White Label ATMs $ | G17: Payment System Infrastructures | H17: II Retail | I17: ATM Terminals Deployed | J17: Component | K17: 0.22 | L17: 22000 | M17: c132 | N17: c133 | O17: 0.22 | P17: - | Q17: NONE
A18: 43800 | B18: 43800 | C18: 2019 | D18: 12 | E18: BHARAT_QR_DEPLOYED | F18: 6 Bharat QR @ | G18: Payment System Infrastructures | H18: II Retail | I18: Merchant Acquiring Touchpoints | J18: Component | K18: 17.13 | L18: 1713000 | M18: c138 | N18: c139 | O18: 17.13 | P18: - | Q18: NONE
A19: 43800 | B19: 43800 | C19: 2019 | D19: 12 | E19: CARDS_CREDIT_OUTSTANDING | F19: 1.1 Credit Cards | G19: Payment System Infrastructures | H19: II Retail | I19: Payment Cards in Force | J19: Component | K19: 553.33 | L19: 55333000 | M19: c118 | N19: c119 | O19: 553.33 | P19: - | Q19: NONE
A20: 43800 | B20: 43800 | C20: 2019 | D20: 12 | E20: CARDS_DEBIT_OUTSTANDING | F20: 1.2 Debit Cards | G20: Payment System Infrastructures | H20: II Retail | I20: Payment Cards in Force | J20: Component | K20: 8053.24 | L20: 805324000 | M20: c120 | N20: c121 | O20: 8053.24 | P20: - | Q20: NONE
A21: 43800 | B21: 43800 | C21: 2019 | D21: 12 | E21: CARDS_TOTAL_OUTSTANDING | F21: 1 Number of Cards (1.1 to 1.2) | G21: Payment System Infrastructures | H21: II Retail | I21: Payment Cards in Force | J21: Category_Total | K21: 8606.57 | L21: 860657000 | M21: c116 | N21: c117 | O21: 8606.57 | P21: - | Q21: NONE
A22: 43800 | B22: 43800 | C22: 2019 | D22: 12 | E22: MICRO_ATMS_DEPLOYED | F22: 4 Number of Micro ATMs @ | G22: Payment System Infrastructures | H22: II Retail | I22: Micro-ATM Footprint | J22: Component | K22: 3.81 | L22: 381000 | M22: c134 | N22: c135 | O22: 3.81 | P22: - | Q22: NONE
A23: 43800 | B23: 43800 | C23: 2019 | D23: 12 | E23: POS_TERMINALS_DEPLOYED | F23: 5 Number of PoS Terminals | G23: Payment System Infrastructures | H23: II Retail | I23: Merchant Acquiring Touchpoints | J23: Component | K23: 42.49 | L23: 4249000 | M23: c136 | N23: c137 | O23: 42.49 | P23: - | Q23: NONE
A24: 43800 | B24: 43800 | C24: 2019 | D24: 12 | E24: PPIS_CARDS_ISSUED | F24: 2.2 Cards @ | G24: Payment System Infrastructures | H24: II Retail | I24: Prepaid Instruments in Force | J24: Component | K24: 1009.75 | L24: 100975000 | M24: c126 | N24: c127 | O24: 1009.75 | P24: - | Q24: NONE
A25: 43800 | B25: 43800 | C25: 2019 | D25: 12 | E25: PPIS_TOTAL_ISSUED | F25: 2 Number of PPIs @ (2.1 to 2.2) | G25: Payment System Infrastructures | H25: II Retail | I25: Prepaid Instruments in Force | J25: Category_Total | K25: 17625.43 | L25: 1762543000 | M25: c122 | N25: c123 | O25: 17625.43 | P25: - | Q25: NONE
A26: 43800 | B26: 43800 | C26: 2019 | D26: 12 | E26: PPIS_WALLETS_ISSUED | F26: 2.1 Wallets @ | G26: Payment System Infrastructures | H26: II Retail | I26: Prepaid Instruments in Force | J26: Component | K26: 16615.68 | L26: 1661568000 | M26: c124 | N26: c125 | O26: 16615.68 | P26: - | Q26: NONE
A27: 43800 | B27: 43800 | C27: 2019 | D27: 12 | E27: UPI_QR_STATIC_DEPLOYED | F27: 7 UPI QR * | G27: Payment System Infrastructures | H27: II Retail | I27: Merchant Acquiring Touchpoints | J27: Component | M27: c140 | N27: c141 | O27: - | P27: - | Q27: PRE_LAUNCH_NOT_REPORTED | R27: Static UPI QR tracking initiated w.e.f. September 2020 per Footnote 1 (*).
A28: 43831 | B28: 43831 | C28: 2020 | D28: 1 | E28: ATMS_BANK_OWNED | F28: 3.1 Bank owned ATMs $ | G28: Payment System Infrastructures | H28: II Retail | I28: ATM Terminals Deployed | J28: Component | K28: 2.1 | L28: 210000 | M28: c130 | N28: c131 | O28: 2.10 | P28: - | Q28: NONE
A29: 43831 | B29: 43831 | C29: 2020 | D29: 1 | E29: ATMS_TOTAL_DEPLOYED | F29: 3 Number of ATMs (3.1 to 3.2) | G29: Payment System Infrastructures | H29: II Retail | I29: ATM Terminals Deployed | J29: Category_Total | K29: 2.33 | L29: 233000 | M29: c128 | N29: c129 | O29: 2.33 | P29: - | Q29: NONE
A30: 43831 | B30: 43831 | C30: 2020 | D30: 1 | E30: ATMS_WHITE_LABEL | F30: 3.2 White Label ATMs $ | G30: Payment System Infrastructures | H30: II Retail | I30: ATM Terminals Deployed | J30: Component | K30: 0.23 | L30: 23000 | M30: c132 | N30: c133 | O30: 0.23 | P30: - | Q30: NONE
A31: 43831 | B31: 43831 | C31: 2020 | D31: 1 | E31: BHARAT_QR_DEPLOYED | F31: 6 Bharat QR @ | G31: Payment System Infrastructures | H31: II Retail | I31: Merchant Acquiring Touchpoints | J31: Component | K31: 17.79 | L31: 1779000 | M31: c138 | N31: c139 | O31: 17.79 | P31: - | Q31: NONE
A32: 43831 | B32: 43831 | C32: 2020 | D32: 1 | E32: CARDS_CREDIT_OUTSTANDING | F32: 1.1 Credit Cards | G32: Payment System Infrastructures | H32: II Retail | I32: Payment Cards in Force | J32: Component | K32: 561.2 | L32: 56120000 | M32: c118 | N32: c119 | O32: 561.20 | P32: - | Q32: NONE
A33: 43831 | B33: 43831 | C33: 2020 | D33: 1 | E33: CARDS_DEBIT_OUTSTANDING | F33: 1.2 Debit Cards | G33: Payment System Infrastructures | H33: II Retail | I33: Payment Cards in Force | J33: Component | K33: 8164.1 | L33: 816410000 | M33: c120 | N33: c121 | O33: 8164.10 | P33: - | Q33: NONE
A34: 43831 | B34: 43831 | C34: 2020 | D34: 1 | E34: CARDS_TOTAL_OUTSTANDING | F34: 1 Number of Cards (1.1 to 1.2) | G34: Payment System Infrastructures | H34: II Retail | I34: Payment Cards in Force | J34: Category_Total | K34: 8725.3 | L34: 872530000 | M34: c116 | N34: c117 | O34: 8725.30 | P34: - | Q34: NONE
A35: 43831 | B35: 43831 | C35: 2020 | D35: 1 | E35: MICRO_ATMS_DEPLOYED | F35: 4 Number of Micro ATMs @ | G35: Payment System Infrastructures | H35: II Retail | I35: Micro-ATM Footprint | J35: Component | K35: 3.96 | L35: 396000 | M35: c134 | N35: c135 | O35: 3.96 | P35: - | Q35: NONE
A36: 43831 | B36: 43831 | C36: 2020 | D36: 1 | E36: POS_TERMINALS_DEPLOYED | F36: 5 Number of PoS Terminals | G36: Payment System Infrastructures | H36: II Retail | I36: Merchant Acquiring Touchpoints | J36: Component | K36: 42.92 | L36: 4292000 | M36: c136 | N36: c137 | O36: 42.92 | P36: - | Q36: NONE
A37: 43831 | B37: 43831 | C37: 2020 | D37: 1 | E37: PPIS_CARDS_ISSUED | F37: 2.2 Cards @ | G37: Payment System Infrastructures | H37: II Retail | I37: Prepaid Instruments in Force | J37: Component | K37: 999.43 | L37: 99943000 | M37: c126 | N37: c127 | O37: 999.43 | P37: - | Q37: NONE
A38: 43831 | B38: 43831 | C38: 2020 | D38: 1 | E38: PPIS_TOTAL_ISSUED | F38: 2 Number of PPIs @ (2.1 to 2.2) | G38: Payment System Infrastructures | H38: II Retail | I38: Prepaid Instruments in Force | J38: Category_Total | K38: 17574.74 | L38: 1757474000 | M38: c122 | N38: c123 | O38: 17574.74 | P38: - | Q38: NONE
A39: 43831 | B39: 43831 | C39: 2020 | D39: 1 | E39: PPIS_WALLETS_ISSUED | F39: 2.1 Wallets @ | G39: Payment System Infrastructures | H39: II Retail | I39: Prepaid Instruments in Force | J39: Component | K39: 16575.31 | L39: 1657531000 | M39: c124 | N39: c125 | O39: 16575.31 | P39: - | Q39: NONE
A40: 43831 | B40: 43831 | C40: 2020 | D40: 1 | E40: UPI_QR_STATIC_DEPLOYED | F40: 7 UPI QR * | G40: Payment System Infrastructures | H40: II Retail | I40: Merchant Acquiring Touchpoints | J40: Component | M40: c140 | N40: c141 | O40: - | P40: - | Q40: PRE_LAUNCH_NOT_REPORTED | R40: Static UPI QR tracking initiated w.e.f. September 2020 per Footnote 1 (*).
A41: 43862 | B41: 43862 | C41: 2020 | D41: 2 | E41: ATMS_BANK_OWNED | F41: 3.1 Bank owned ATMs $ | G41: Payment System Infrastructures | H41: II Retail | I41: ATM Terminals Deployed | J41: Component | K41: 2.11 | L41: 211000 | M41: c130 | N41: c131 | O41: 2.11 | P41: - | Q41: NONE
A42: 43862 | B42: 43862 | C42: 2020 | D42: 2 | E42: ATMS_TOTAL_DEPLOYED | F42: 3 Number of ATMs (3.1 to 3.2) | G42: Payment System Infrastructures | H42: II Retail | I42: ATM Terminals Deployed | J42: Category_Total | K42: 2.34 | L42: 234000 | M42: c128 | N42: c129 | O42: 2.34 | P42: - | Q42: NONE
A43: 43862 | B43: 43862 | C43: 2020 | D43: 2 | E43: ATMS_WHITE_LABEL | F43: 3.2 White Label ATMs $ | G43: Payment System Infrastructures | H43: II Retail | I43: ATM Terminals Deployed | J43: Component | K43: 0.23 | L43: 23000 | M43: c132 | N43: c133 | O43: 0.23 | P43: - | Q43: NONE
A44: 43862 | B44: 43862 | C44: 2020 | D44: 2 | E44: BHARAT_QR_DEPLOYED | F44: 6 Bharat QR @ | G44: Payment System Infrastructures | H44: II Retail | I44: Merchant Acquiring Touchpoints | J44: Component | K44: 18.96 | L44: 1896000 | M44: c138 | N44: c139 | O44: 18.96 | P44: - | Q44: NONE
A45: 43862 | B45: 43862 | C45: 2020 | D45: 2 | E45: CARDS_CREDIT_OUTSTANDING | F45: 1.1 Credit Cards | G45: Payment System Infrastructures | H45: II Retail | I45: Payment Cards in Force | J45: Component | K45: 571.58 | L45: 57158000 | M45: c118 | N45: c119 | O45: 571.58 | P45: - | Q45: NONE
A46: 43862 | B46: 43862 | C46: 2020 | D46: 2 | E46: CARDS_DEBIT_OUTSTANDING | F46: 1.2 Debit Cards | G46: Payment System Infrastructures | H46: II Retail | I46: Payment Cards in Force | J46: Component | K46: 8230.23 | L46: 823023000 | M46: c120 | N46: c121 | O46: 8230.23 | P46: - | Q46: NONE
A47: 43862 | B47: 43862 | C47: 2020 | D47: 2 | E47: CARDS_TOTAL_OUTSTANDING | F47: 1 Number of Cards (1.1 to 1.2) | G47: Payment System Infrastructures | H47: II Retail | I47: Payment Cards in Force | J47: Category_Total | K47: 8801.81 | L47: 880181000 | M47: c116 | N47: c117 | O47: 8801.81 | P47: - | Q47: NONE
A48: 43862 | B48: 43862 | C48: 2020 | D48: 2 | E48: MICRO_ATMS_DEPLOYED | F48: 4 Number of Micro ATMs @ | G48: Payment System Infrastructures | H48: II Retail | I48: Micro-ATM Footprint | J48: Component | K48: 4.05 | L48: 405000 | M48: c134 | N48: c135 | O48: 4.05 | P48: - | Q48: NONE
A49: 43862 | B49: 43862 | C49: 2020 | D49: 2 | E49: POS_TERMINALS_DEPLOYED | F49: 5 Number of PoS Terminals | G49: Payment System Infrastructures | H49: II Retail | I49: Merchant Acquiring Touchpoints | J49: Component | K49: 43.71 | L49: 4371000 | M49: c136 | N49: c137 | O49: 43.71 | P49: - | Q49: NONE
A50: 43862 | B50: 43862 | C50: 2020 | D50: 2 | E50: PPIS_CARDS_ISSUED | F50: 2.2 Cards @ | G50: Payment System Infrastructures | H50: II Retail | I50: Prepaid Instruments in Force | J50: Component | K50: 1295.57 | L50: 129557000 | M50: c126 | N50: c127 | O50: 1295.57 | P50: - | Q50: NONE
A51: 43862 | B51: 43862 | C51: 2020 | D51: 2 | E51: PPIS_TOTAL_ISSUED | F51: 2 Number of PPIs @ (2.1 to 2.2) | G51: Payment System Infrastructures | H51: II Retail | I51: Prepaid Instruments in Force | J51: Category_Total | K51: 18103.65 | L51: 1810365000 | M51: c122 | N51: c123 | O51: 18103.65 | P51: - | Q51: NONE
A52: 43862 | B52: 43862 | C52: 2020 | D52: 2 | E52: PPIS_WALLETS_ISSUED | F52: 2.1 Wallets @ | G52: Payment System Infrastructures | H52: II Retail | I52: Prepaid Instruments in Force | J52: Component | K52: 16808.08 | L52: 1680808000 | M52: c124 | N52: c125 | O52: 16808.08 | P52: - | Q52: NONE
A53: 43862 | B53: 43862 | C53: 2020 | D53: 2 | E53: UPI_QR_STATIC_DEPLOYED | F53: 7 UPI QR * | G53: Payment System Infrastructures | H53: II Retail | I53: Merchant Acquiring Touchpoints | J53: Component | M53: c140 | N53: c141 | O53: - | P53: - | Q53: PRE_LAUNCH_NOT_REPORTED | R53: Static UPI QR tracking initiated w.e.f. September 2020 per Footnote 1 (*).
A54: 43891 | B54: 43891 | C54: 2020 | D54: 3 | E54: ATMS_BANK_OWNED | F54: 3.1 Bank owned ATMs $ | G54: Payment System Infrastructures | H54: II Retail | I54: ATM Terminals Deployed | J54: Component | K54: 2.11 | L54: 211000 | M54: c130 | N54: c131 | O54: 2.11 | P54: - | Q54: NONE
A55: 43891 | B55: 43891 | C55: 2020 | D55: 3 | E55: ATMS_TOTAL_DEPLOYED | F55: 3 Number of ATMs (3.1 to 3.2) | G55: Payment System Infrastructures | H55: II Retail | I55: ATM Terminals Deployed | J55: Category_Total | K55: 2.34 | L55: 234000 | M55: c128 | N55: c129 | O55: 2.34 | P55: - | Q55: NONE
A56: 43891 | B56: 43891 | C56: 2020 | D56: 3 | E56: ATMS_WHITE_LABEL | F56: 3.2 White Label ATMs $ | G56: Payment System Infrastructures | H56: II Retail | I56: ATM Terminals Deployed | J56: Component | K56: 0.24 | L56: 24000 | M56: c132 | N56: c133 | O56: 0.24 | P56: - | Q56: NONE
A57: 43891 | B57: 43891 | C57: 2020 | D57: 3 | E57: BHARAT_QR_DEPLOYED | F57: 6 Bharat QR @ | G57: Payment System Infrastructures | H57: II Retail | I57: Merchant Acquiring Touchpoints | J57: Component | K57: 20.28 | L57: 2028000 | M57: c138 | N57: c139 | O57: 20.28 | P57: - | Q57: NONE
A58: 43891 | B58: 43891 | C58: 2020 | D58: 3 | E58: CARDS_CREDIT_OUTSTANDING | F58: 1.1 Credit Cards | G58: Payment System Infrastructures | H58: II Retail | I58: Payment Cards in Force | J58: Component | K58: 577.45 | L58: 57745000 | M58: c118 | N58: c119 | O58: 577.45 | P58: - | Q58: NONE
A59: 43891 | B59: 43891 | C59: 2020 | D59: 3 | E59: CARDS_DEBIT_OUTSTANDING | F59: 1.2 Debit Cards | G59: Payment System Infrastructures | H59: II Retail | I59: Payment Cards in Force | J59: Component | K59: 8285.62 | L59: 828562000 | M59: c120 | N59: c121 | O59: 8285.62 | P59: - | Q59: NONE
A60: 43891 | B60: 43891 | C60: 2020 | D60: 3 | E60: CARDS_TOTAL_OUTSTANDING | F60: 1 Number of Cards (1.1 to 1.2) | G60: Payment System Infrastructures | H60: II Retail | I60: Payment Cards in Force | J60: Category_Total | K60: 8863.07 | L60: 886307000 | M60: c116 | N60: c117 | O60: 8863.07 | P60: - | Q60: NONE
A61: 43891 | B61: 43891 | C61: 2020 | D61: 3 | E61: MICRO_ATMS_DEPLOYED | F61: 4 Number of Micro ATMs @ | G61: Payment System Infrastructures | H61: II Retail | I61: Micro-ATM Footprint | J61: Component | K61: 4.12 | L61: 412000 | M61: c134 | N61: c135 | O61: 4.12 | P61: - | Q61: NONE
A62: 43891 | B62: 43891 | C62: 2020 | D62: 3 | E62: POS_TERMINALS_DEPLOYED | F62: 5 Number of PoS Terminals | G62: Payment System Infrastructures | H62: II Retail | I62: Merchant Acquiring Touchpoints | J62: Component | K62: 44.34 | L62: 4434000 | M62: c136 | N62: c137 | O62: 44.34 | P62: - | Q62: NONE
A63: 43891 | B63: 43891 | C63: 2020 | D63: 3 | E63: PPIS_CARDS_ISSUED | F63: 2.2 Cards @ | G63: Payment System Infrastructures | H63: II Retail | I63: Prepaid Instruments in Force | J63: Component | K63: 1218.79 | L63: 121879000 | M63: c126 | N63: c127 | O63: 1218.79 | P63: - | Q63: NONE
A64: 43891 | B64: 43891 | C64: 2020 | D64: 3 | E64: PPIS_TOTAL_ISSUED | F64: 2 Number of PPIs @ (2.1 to 2.2) | G64: Payment System Infrastructures | H64: II Retail | I64: Prepaid Instruments in Force | J64: Category_Total | K64: 18251.64 | L64: 1825164000 | M64: c122 | N64: c123 | O64: 18251.64 | P64: - | Q64: NONE
A65: 43891 | B65: 43891 | C65: 2020 | D65: 3 | E65: PPIS_WALLETS_ISSUED | F65: 2.1 Wallets @ | G65: Payment System Infrastructures | H65: II Retail | I65: Prepaid Instruments in Force | J65: Component | K65: 17032.85 | L65: 1703285000 | M65: c124 | N65: c125 | O65: 17032.85 | P65: - | Q65: NONE
A66: 43891 | B66: 43891 | C66: 2020 | D66: 3 | E66: UPI_QR_STATIC_DEPLOYED | F66: 7 UPI QR * | G66: Payment System Infrastructures | H66: II Retail | I66: Merchant Acquiring Touchpoints | J66: Component | M66: c140 | N66: c141 | O66: - | P66: - | Q66: PRE_LAUNCH_NOT_REPORTED | R66: Static UPI QR tracking initiated w.e.f. September 2020 per Footnote 1 (*).
A67: 43922 | B67: 43922 | C67: 2020 | D67: 4 | E67: ATMS_BANK_OWNED | F67: 3.1 Bank owned ATMs $ | G67: Payment System Infrastructures | H67: II Retail | I67: ATM Terminals Deployed | J67: Component | K67: 2.1 | L67: 210000 | M67: c130 | N67: c131 | O67: 2.10 | P67: - | Q67: NONE
A68: 43922 | B68: 43922 | C68: 2020 | D68: 4 | E68: ATMS_TOTAL_DEPLOYED | F68: 3 Number of ATMs (3.1 to 3.2) | G68: Payment System Infrastructures | H68: II Retail | I68: ATM Terminals Deployed | J68: Category_Total | K68: 2.34 | L68: 234000 | M68: c128 | N68: c129 | O68: 2.34 | P68: - | Q68: NONE
A69: 43922 | B69: 43922 | C69: 2020 | D69: 4 | E69: ATMS_WHITE_LABEL | F69: 3.2 White Label ATMs $ | G69: Payment System Infrastructures | H69: II Retail | I69: ATM Terminals Deployed | J69: Component | K69: 0.24 | L69: 24000 | M69: c132 | N69: c133 | O69: 0.24 | P69: - | Q69: NONE
A70: 43922 | B70: 43922 | C70: 2020 | D70: 4 | E70: BHARAT_QR_DEPLOYED | F70: 6 Bharat QR @ | G70: Payment System Infrastructures | H70: II Retail | I70: Merchant Acquiring Touchpoints | J70: Component | K70: 20.19 | L70: 2019000 | M70: c138 | N70: c139 | O70: 20.19 | P70: - | Q70: NONE
A71: 43922 | B71: 43922 | C71: 2020 | D71: 4 | E71: CARDS_CREDIT_OUTSTANDING | F71: 1.1 Credit Cards | G71: Payment System Infrastructures | H71: II Retail | I71: Payment Cards in Force | J71: Component | K71: 573.6 | L71: 57360000 | M71: c118 | N71: c119 | O71: 573.60 | P71: - | Q71: NONE
A72: 43922 | B72: 43922 | C72: 2020 | D72: 4 | E72: CARDS_DEBIT_OUTSTANDING | F72: 1.2 Debit Cards | G72: Payment System Infrastructures | H72: II Retail | I72: Payment Cards in Force | J72: Component | K72: 8294.47 | L72: 829447000 | M72: c120 | N72: c121 | O72: 8294.47 | P72: - | Q72: NONE
A73: 43922 | B73: 43922 | C73: 2020 | D73: 4 | E73: CARDS_TOTAL_OUTSTANDING | F73: 1 Number of Cards (1.1 to 1.2) | G73: Payment System Infrastructures | H73: II Retail | I73: Payment Cards in Force | J73: Category_Total | K73: 8868.07 | L73: 886807000 | M73: c116 | N73: c117 | O73: 8868.07 | P73: - | Q73: NONE
A74: 43922 | B74: 43922 | C74: 2020 | D74: 4 | E74: MICRO_ATMS_DEPLOYED | F74: 4 Number of Micro ATMs @ | G74: Payment System Infrastructures | H74: II Retail | I74: Micro-ATM Footprint | J74: Component | K74: 3.9 | L74: 390000 | M74: c134 | N74: c135 | O74: 3.90 | P74: - | Q74: NONE
A75: 43922 | B75: 43922 | C75: 2020 | D75: 4 | E75: POS_TERMINALS_DEPLOYED | F75: 5 Number of PoS Terminals | G75: Payment System Infrastructures | H75: II Retail | I75: Merchant Acquiring Touchpoints | J75: Component | K75: 43.91 | L75: 4391000 | M75: c136 | N75: c137 | O75: 43.91 | P75: - | Q75: NONE
A76: 43922 | B76: 43922 | C76: 2020 | D76: 4 | E76: PPIS_CARDS_ISSUED | F76: 2.2 Cards @ | G76: Payment System Infrastructures | H76: II Retail | I76: Prepaid Instruments in Force | J76: Component | K76: 1192.32 | L76: 119232000 | M76: c126 | N76: c127 | O76: 1192.32 | P76: - | Q76: NONE
A77: 43922 | B77: 43922 | C77: 2020 | D77: 4 | E77: PPIS_TOTAL_ISSUED | F77: 2 Number of PPIs @ (2.1 to 2.2) | G77: Payment System Infrastructures | H77: II Retail | I77: Prepaid Instruments in Force | J77: Category_Total | K77: 18342.76 | L77: 1834276000 | M77: c122 | N77: c123 | O77: 18342.76 | P77: - | Q77: NONE
A78: 43922 | B78: 43922 | C78: 2020 | D78: 4 | E78: PPIS_WALLETS_ISSUED | F78: 2.1 Wallets @ | G78: Payment System Infrastructures | H78: II Retail | I78: Prepaid Instruments in Force | J78: Component | K78: 17150.44 | L78: 1715044000 | M78: c124 | N78: c125 | O78: 17150.44 | P78: - | Q78: NONE
A79: 43922 | B79: 43922 | C79: 2020 | D79: 4 | E79: UPI_QR_STATIC_DEPLOYED | F79: 7 UPI QR * | G79: Payment System Infrastructures | H79: II Retail | I79: Merchant Acquiring Touchpoints | J79: Component | M79: c140 | N79: c141 | O79: - | P79: - | Q79: PRE_LAUNCH_NOT_REPORTED | R79: Static UPI QR tracking initiated w.e.f. September 2020 per Footnote 1 (*).
A80: 43952 | B80: 43952 | C80: 2020 | D80: 5 | E80: ATMS_BANK_OWNED | F80: 3.1 Bank owned ATMs $ | G80: Payment System Infrastructures | H80: II Retail | I80: ATM Terminals Deployed | J80: Component | K80: 2.1 | L80: 210000 | M80: c130 | N80: c131 | O80: 2.10 | P80: - | Q80: NONE
A81: 43952 | B81: 43952 | C81: 2020 | D81: 5 | E81: ATMS_TOTAL_DEPLOYED | F81: 3 Number of ATMs (3.1 to 3.2) | G81: Payment System Infrastructures | H81: II Retail | I81: ATM Terminals Deployed | J81: Category_Total | K81: 2.34 | L81: 234000 | M81: c128 | N81: c129 | O81: 2.34 | P81: - | Q81: NONE
A82: 43952 | B82: 43952 | C82: 2020 | D82: 5 | E82: ATMS_WHITE_LABEL | F82: 3.2 White Label ATMs $ | G82: Payment System Infrastructures | H82: II Retail | I82: ATM Terminals Deployed | J82: Component | K82: 0.24 | L82: 24000 | M82: c132 | N82: c133 | O82: 0.24 | P82: - | Q82: NONE
A83: 43952 | B83: 43952 | C83: 2020 | D83: 5 | E83: BHARAT_QR_DEPLOYED | F83: 6 Bharat QR @ | G83: Payment System Infrastructures | H83: II Retail | I83: Merchant Acquiring Touchpoints | J83: Component | K83: 20.59 | L83: 2059000 | M83: c138 | N83: c139 | O83: 20.59 | P83: - | Q83: NONE
A84: 43952 | B84: 43952 | C84: 2020 | D84: 5 | E84: CARDS_CREDIT_OUTSTANDING | F84: 1.1 Credit Cards | G84: Payment System Infrastructures | H84: II Retail | I84: Payment Cards in Force | J84: Component | K84: 571.8 | L84: 57180000 | M84: c118 | N84: c119 | O84: 571.80 | P84: - | Q84: NONE
A85: 43952 | B85: 43952 | C85: 2020 | D85: 5 | E85: CARDS_DEBIT_OUTSTANDING | F85: 1.2 Debit Cards | G85: Payment System Infrastructures | H85: II Retail | I85: Payment Cards in Force | J85: Component | K85: 8353.49 | L85: 835349000 | M85: c120 | N85: c121 | O85: 8353.49 | P85: - | Q85: NONE
A86: 43952 | B86: 43952 | C86: 2020 | D86: 5 | E86: CARDS_TOTAL_OUTSTANDING | F86: 1 Number of Cards (1.1 to 1.2) | G86: Payment System Infrastructures | H86: II Retail | I86: Payment Cards in Force | J86: Category_Total | K86: 8925.29 | L86: 892529000 | M86: c116 | N86: c117 | O86: 8925.29 | P86: - | Q86: NONE
A87: 43952 | B87: 43952 | C87: 2020 | D87: 5 | E87: MICRO_ATMS_DEPLOYED | F87: 4 Number of Micro ATMs @ | G87: Payment System Infrastructures | H87: II Retail | I87: Micro-ATM Footprint | J87: Component | K87: 3.98 | L87: 398000 | M87: c134 | N87: c135 | O87: 3.98 | P87: - | Q87: NONE
A88: 43952 | B88: 43952 | C88: 2020 | D88: 5 | E88: POS_TERMINALS_DEPLOYED | F88: 5 Number of PoS Terminals | G88: Payment System Infrastructures | H88: II Retail | I88: Merchant Acquiring Touchpoints | J88: Component | K88: 43.22 | L88: 4322000 | M88: c136 | N88: c137 | O88: 43.22 | P88: - | Q88: NONE
A89: 43952 | B89: 43952 | C89: 2020 | D89: 5 | E89: PPIS_CARDS_ISSUED | F89: 2.2 Cards @ | G89: Payment System Infrastructures | H89: II Retail | I89: Prepaid Instruments in Force | J89: Component | K89: 1493.38 | L89: 149338000 | M89: c126 | N89: c127 | O89: 1493.38 | P89: - | Q89: NONE
A90: 43952 | B90: 43952 | C90: 2020 | D90: 5 | E90: PPIS_TOTAL_ISSUED | F90: 2 Number of PPIs @ (2.1 to 2.2) | G90: Payment System Infrastructures | H90: II Retail | I90: Prepaid Instruments in Force | J90: Category_Total | K90: 18794.15 | L90: 1879415000 | M90: c122 | N90: c123 | O90: 18794.15 | P90: - | Q90: NONE
A91: 43952 | B91: 43952 | C91: 2020 | D91: 5 | E91: PPIS_WALLETS_ISSUED | F91: 2.1 Wallets @ | G91: Payment System Infrastructures | H91: II Retail | I91: Prepaid Instruments in Force | J91: Component | K91: 17300.77 | L91: 1730077000 | M91: c124 | N91: c125 | O91: 17300.77 | P91: - | Q91: NONE
A92: 43952 | B92: 43952 | C92: 2020 | D92: 5 | E92: UPI_QR_STATIC_DEPLOYED | F92: 7 UPI QR * | G92: Payment System Infrastructures | H92: II Retail | I92: Merchant Acquiring Touchpoints | J92: Component | M92: c140 | N92: c141 | O92: - | P92: - | Q92: PRE_LAUNCH_NOT_REPORTED | R92: Static UPI QR tracking initiated w.e.f. September 2020 per Footnote 1 (*).
A93: 43983 | B93: 43983 | C93: 2020 | D93: 6 | E93: ATMS_BANK_OWNED | F93: 3.1 Bank owned ATMs $ | G93: Payment System Infrastructures | H93: II Retail | I93: ATM Terminals Deployed | J93: Component | K93: 2.1 | L93: 210000 | M93: c130 | N93: c131 | O93: 2.10 | P93: - | Q93: NONE
A94: 43983 | B94: 43983 | C94: 2020 | D94: 6 | E94: ATMS_TOTAL_DEPLOYED | F94: 3 Number of ATMs (3.1 to 3.2) | G94: Payment System Infrastructures | H94: II Retail | I94: ATM Terminals Deployed | J94: Category_Total | K94: 2.34 | L94: 234000 | M94: c128 | N94: c129 | O94: 2.34 | P94: - | Q94: NONE
A95: 43983 | B95: 43983 | C95: 2020 | D95: 6 | E95: ATMS_WHITE_LABEL | F95: 3.2 White Label ATMs $ | G95: Payment System Infrastructures | H95: II Retail | I95: ATM Terminals Deployed | J95: Component | K95: 0.24 | L95: 24000 | M95: c132 | N95: c133 | O95: 0.24 | P95: - | Q95: NONE
A96: 43983 | B96: 43983 | C96: 2020 | D96: 6 | E96: BHARAT_QR_DEPLOYED | F96: 6 Bharat QR @ | G96: Payment System Infrastructures | H96: II Retail | I96: Merchant Acquiring Touchpoints | J96: Component | K96: 21.51 | L96: 2151000 | M96: c138 | N96: c139 | O96: 21.51 | P96: - | Q96: NONE
A97: 43983 | B97: 43983 | C97: 2020 | D97: 6 | E97: CARDS_CREDIT_OUTSTANDING | F97: 1.1 Credit Cards | G97: Payment System Infrastructures | H97: II Retail | I97: Payment Cards in Force | J97: Component | K97: 572.89 | L97: 57289000 | M97: c118 | N97: c119 | O97: 572.89 | P97: - | Q97: NONE
A98: 43983 | B98: 43983 | C98: 2020 | D98: 6 | E98: CARDS_DEBIT_OUTSTANDING | F98: 1.2 Debit Cards | G98: Payment System Infrastructures | H98: II Retail | I98: Payment Cards in Force | J98: Component | K98: 8454.14 | L98: 845414000 | M98: c120 | N98: c121 | O98: 8454.14 | P98: - | Q98: NONE
A99: 43983 | B99: 43983 | C99: 2020 | D99: 6 | E99: CARDS_TOTAL_OUTSTANDING | F99: 1 Number of Cards (1.1 to 1.2) | G99: Payment System Infrastructures | H99: II Retail | I99: Payment Cards in Force | J99: Category_Total | K99: 9027.03 | L99: 902703000 | M99: c116 | N99: c117 | O99: 9027.03 | P99: - | Q99: NONE
A100: 43983 | B100: 43983 | C100: 2020 | D100: 6 | E100: MICRO_ATMS_DEPLOYED | F100: 4 Number of Micro ATMs @ | G100: Payment System Infrastructures | H100: II Retail | I100: Micro-ATM Footprint | J100: Component | K100: 4.1 | L100: 410000 | M100: c134 | N100: c135 | O100: 4.10 | P100: - | Q100: NONE
...

Sheet Data Dictionary
A1: column_id | B1: column_index | C1: indicator_code | D1: indicator_name | E1: indicator_type | F1: major_section | G1: sub_section | H1: channel_group | I1: hierarchy_level | J1: metric_type | K1: unit_of_measurement | L1: ats_eligible | M1: footnote_symbols | N1: source_header_raw | O1: cleaning_action | P1: known_anomalies
A2: src_file | B2: 0 | C2: SRC_FILE | D2: Source file identifier | E2: METADATA | F2: File Wrapper Metadata | G2: N/A | H2: Metadata | I2: Metadata | J2: Metadata Attribute | K2: Source attribution string | L2: FALSE | N2: src_file | O2: Preserved for source traceability. | P2: None
A3: tab | B3: 1 | C3: TAB | D3: Workbook worksheet tab name | E3: METADATA | F3: File Wrapper Metadata | G3: N/A | H3: Metadata | I3: Metadata | J3: Metadata Attribute | K3: RBI tab name string | L3: FALSE | N3: tab | O3: Preserved for source traceability. | P3: None
A4: period | B4: 2 | C4: PERIOD | D4: Data release scope | E4: METADATA | F4: File Wrapper Metadata | G4: N/A | H4: Metadata | I4: Metadata | J4: Metadata Attribute | K4: Historical span scope string | L4: FALSE | N4: period | O4: Preserved for source traceability. | P4: None
A5: row_no | B5: 3 | C5: ROW_NO | D5: Sequential spreadsheet line index | E5: METADATA | F5: File Wrapper Metadata | G5: N/A | H5: Metadata | I5: Metadata | J5: Metadata Attribute | K5: Integer line number (1-93) | L5: FALSE | N5: row_no | O5: Preserved for source traceability. | P5: None
A6: c1 | B6: 4 | C6: MONTH_YEAR | D6: Month/Year Observation Period | E6: TEMPORAL | F6: Temporal Dimension | G6: N/A | H6: Calendar Time | I6: Dimension | J6: Date Anchor | K6: ISO Date (YYYY-MM-01) | L6: FALSE | N6: Month/Year | O6: Parsed MMM-YYYY strings to first day of month (YYYY-MM-01). | P6: Reverse chronological ordering in raw source (Jul-2026 to Nov-2019).
A7: c2 | B7: 5 | C7: CCIL_TOTAL_VOL | D7: 1 CCIL Operated Systems (1.1 to 1.3) [Volume] | E7: TRANSACTION | F7: A. Settlement Systems | G7: Financial Market Infrastructures (FMIs) | H7: Wholesale Settlement (CCIL) | I7: Category_Total | J7: Transaction Volume | K7: Lakh (100,000 transactions) | L7: TRUE | N7: L4: A. Settlement Systems | L5: Financial Market Infrastructures (FMIs) | L6: 1 CCIL Operated Systems (1.1 to 1.3) | L7: Volume (Lakh) | O7: Parsed to numeric float. Converted '-' to NaN. Imputed Sep-2023 for PPI Total. | P7: None
A8: c3 | B8: 6 | C8: CCIL_TOTAL_VAL | D8: 1 CCIL Operated Systems (1.1 to 1.3) [Value] | E8: TRANSACTION | F8: A. Settlement Systems | G8: Financial Market Infrastructures (FMIs) | H8: Wholesale Settlement (CCIL) | I8: Category_Total | J8: Transaction Value | K8: Rupees Crores (â‚¹ 10,000,000 INR) | L8: TRUE | N8: L4: | L5: | L6: | L7: Value( Rupees Crores ) | O8: Parsed to numeric float. Converted '-' to NaN. | P8: None
A9: c4 | B9: 7 | C9: CCIL_GSEC_TOTAL_VOL | D9: 1.1 Govt. Securities Clearing (1.1.1 to 1.1.3) [Volume] | E9: TRANSACTION | F9: A. Settlement Systems | G9: Financial Market Infrastructures (FMIs) | H9: Wholesale Settlement (CCIL) | I9: Subtotal | J9: Transaction Volume | K9: Lakh (100,000 transactions) | L9: TRUE | N9: L4: | L5: | L6: 1.1 Govt. Securities Clearing (1.1.1 to 1.1.3) | L7: Volume (Lakh) | O9: Parsed to numeric float. Converted '-' to NaN. Imputed Sep-2023 for PPI Total. | P9: None
A10: c5 | B10: 8 | C10: CCIL_GSEC_TOTAL_VAL | D10: 1.1 Govt. Securities Clearing (1.1.1 to 1.1.3) [Value] | E10: TRANSACTION | F10: A. Settlement Systems | G10: Financial Market Infrastructures (FMIs) | H10: Wholesale Settlement (CCIL) | I10: Subtotal | J10: Transaction Value | K10: Rupees Crores (â‚¹ 10,000,000 INR) | L10: TRUE | N10: L4: | L5: | L6: | L7: Value( Rupees Crores ) | O10: Parsed to numeric float. Converted '-' to NaN. | P10: None
A11: c6 | B11: 9 | C11: CCIL_GSEC_OUTRIGHT_VOL | D11: 1.1.1 Outright [Volume] | E11: TRANSACTION | F11: A. Settlement Systems | G11: Financial Market Infrastructures (FMIs) | H11: Wholesale Settlement (CCIL) | I11: Component | J11: Transaction Volume | K11: Lakh (100,000 transactions) | L11: TRUE | N11: L4: | L5: | L6: 1.1.1 Outright | L7: Volume (Lakh) | O11: Parsed to numeric float. Converted '-' to NaN. Imputed Sep-2023 for PPI Total. | P11: None
A12: c7 | B12: 10 | C12: CCIL_GSEC_OUTRIGHT_VAL | D12: 1.1.1 Outright [Value] | E12: TRANSACTION | F12: A. Settlement Systems | G12: Financial Market Infrastructures (FMIs) | H12: Wholesale Settlement (CCIL) | I12: Component | J12: Transaction Value | K12: Rupees Crores (â‚¹ 10,000,000 INR) | L12: TRUE | N12: L4: | L5: | L6: | L7: Value( Rupees Crores ) | O12: Parsed to numeric float. Converted '-' to NaN. | P12: None
A13: c8 | B13: 11 | C13: CCIL_GSEC_REPO_VOL | D13: 1.1.2 Repo [Volume] | E13: TRANSACTION | F13: A. Settlement Systems | G13: Financial Market Infrastructures (FMIs) | H13: Wholesale Settlement (CCIL) | I13: Component | J13: Transaction Volume | K13: Lakh (100,000 transactions) | L13: TRUE | N13: L4: | L5: | L6: 1.1.2 Repo | L7: Volume (Lakh) | O13: Parsed to numeric float. Converted '-' to NaN. Imputed Sep-2023 for PPI Total. | P13: None
... A18: c13 | B18: 16 | C18: CCIL_FOREX_CLEARING_VAL | D18: 1.2 Forex Clearing [Value] | E18: TRANSACTION | F18: A. Settlement Systems | G18: Financial Market Infrastructures (FMIs) | H18: Wholesale Settlement (CCIL) | I18: Component | J18: Transaction Value | K18: Rupees Crores (â‚¹ 10,000,000 INR) | L18: TRUE | N18: L4: | L5: | L6: | L7: Value( Rupees Crores ) | O18: Parsed to numeric float. Converted '-' to NaN. | P18: None
A19: c14 | B19: 17 | C19: CCIL_RUPEE_DERIVATIVES_VOL | D19: 1.3 Rupee Derivatives @ [Volume] | E19: TRANSACTION | F19: A. Settlement Systems | G19: Financial Market Infrastructures (FMIs) | H19: Wholesale Settlement (CCIL) | I19: Component | J19: Transaction Volume | K19: Lakh (100,000 transactions) | L19: TRUE | M19: @ | N19: L4: | L5: | L6: 1.3 Rupee Derivatives @ | L7: Volume (Lakh) | O19: Parsed to numeric float. Converted '-' to NaN. Imputed Sep-2023 for PPI Total. | P19: None
A20: c15 | B20: 18 | C20: CCIL_RUPEE_DERIVATIVES_VAL | D20: 1.3 Rupee Derivatives @ [Value] | E20: TRANSACTION | F20: A. Settlement Systems | G20: Financial Market Infrastructures (FMIs) | H20: Wholesale Settlement (CCIL) | I20: Component | J20: Transaction Value | K20: Rupees Crores (â‚¹ 10,000,000 INR) | L20: TRUE | M20: @ | N20: L4: | L5: | L6: | L7: Value( Rupees Crores ) | O20: Parsed to numeric float. Converted '-' to NaN. | P20: None
A21: c16 | B21: 19 | C21: RTGS_TOTAL_VOL | D21: 1 Credit Transfers - RTGS (1.1 to 1.2) [Volume] | E21: TRANSACTION | F21: B. Payment Systems | G21: I Financial Market Infrastructures (FMIs) | H21: Large-Value Credit Transfers (RTGS) | I21: Category_Total | J21: Transaction Volume | K21: Lakh (100,000 transactions) | L21: TRUE | N21: L4: B. Payment Systems | L5: I Financial Market Infrastructures (FMIs) | L6: 1 Credit Transfers - RTGS (1.1 to 1.2) | L7: Volume (Lakh) | O21: Parsed to numeric float. Converted '-' to NaN. Imputed Sep-2023 for PPI Total. | P21: None
A22: c17 | B22: 20 | C22: RTGS_TOTAL_VAL | D22: 1 Credit Transfers - RTGS (1.1 to 1.2) [Value] | E22: TRANSACTION | F22: B. Payment Systems | G22: I Financial Market Infrastructures (FMIs) | H22: Large-Value Credit Transfers (RTGS) | I22: Category_Total | J22: Transaction Value | K22: Rupees Crores (â‚¹ 10,000,000 INR) | L22: TRUE | N22: L4: | L5: | L6: | L7: Value( Rupees Crores ) | O22: Parsed to numeric float. Converted '-' to NaN. | P22: None
A23: c18 | B23: 21 | C23: RTGS_CUSTOMER_VOL | D23: 1.1 Customer Transactions [Volume] | E23: TRANSACTION | F23: B. Payment Systems | G23: I Financial Market Infrastructures (FMIs) | H23: Large-Value Credit Transfers (RTGS) | I23: Component | J23: Transaction Volume | K23: Lakh (100,000 transactions) | L23: TRUE | N23: L4: | L5: | L6: 1.1 Customer Transactions | L7: Volume (Lakh) | O23: Parsed to numeric float. Converted '-' to NaN. Imputed Sep-2023 for PPI Total. | P23: None
A24: c19 | B24: 22 | C24: RTGS_CUSTOMER_VAL | D24: 1.1 Customer Transactions [Value] | E24: TRANSACTION | F24: B. Payment Systems | G24: I Financial Market Infrastructures (FMIs) | H24: Large-Value Credit Transfers (RTGS) | I24: Component | J24: Transaction Value | K24: Rupees Crores (â‚¹ 10,000,000 INR) | L24: TRUE | N24: L4: | L5: | L6: | L7: Value( Rupees Crores ) | O24: Parsed to numeric float. Converted '-' to NaN. | P24: None
A25: c20 | B25: 23 | C25: RTGS_INTERBANK_VOL | D25: 1.2 Interbank Transactions [Volume] | E25: TRANSACTION | F25: B. Payment Systems | G25: I Financial Market Infrastructures (FMIs) | H25: Large-Value Credit Transfers (RTGS) | I25: Component | J25: Transaction Volume | K25: Lakh (100,000 transactions) | L25: TRUE | N25: L4: | L5: | L6: 1.2 Interbank Transactions | L7: Volume (Lakh) | O25: Parsed to numeric float. Converted '-' to NaN. Imputed Sep-2023 for PPI Total. | P25: None
A26: c21 | B26: 24 | C26: RTGS_INTERBANK_VAL | D26: 1.2 Interbank Transactions [Value] | E26: TRANSACTION | F26: B. Payment Systems | G26: I Financial Market Infrastructures (FMIs) | H26: Large-Value Credit Transfers (RTGS) | I26: Component | J26: Transaction Value | K26: Rupees Crores (â‚¹ 10,000,000 INR) | L26: TRUE | N26: L4: | L5: | L6: | L7: Value( Rupees Crores ) | O26: Parsed to numeric float. Converted '-' to NaN. | P26: None
A27: c22 | B27: 25 | C27: RETAIL_CREDIT_TRANSFERS_TOTAL_VOL | D27: 2 Credit Transfers - Retail (2.1 to 2.7) [Volume] | E27: TRANSACTION | F27: B. Payment Systems | G27: II Retail | H27: Retail Credit Transfers | I27: Category_Total | J27: Transaction Volume | K27: Lakh (100,000 transactions) | L27: TRUE | N27: L4: | L5: II Retail | L6: 2 Credit Transfers - Retail (2.1 to 2.7) | L7: Volume (Lakh) | O27: Parsed to numeric float. Converted '-' to NaN. Imputed Sep-2023 for PPI Total. | P27: None
A28: c23 | B28: 26 | C28: RETAIL_CREDIT_TRANSFERS_TOTAL_VAL | D28: 2 Credit Transfers - Retail (2.1 to 2.7) [Value] | E28: TRANSACTION | F28: B. Payment Systems | G28: II Retail | H28: Retail Credit Transfers | I28: Category_Total | J28: Transaction Value | K28: Rupees Crores (â‚¹ 10,000,000 INR) | L28: TRUE | N28: L4: | L5: | L6: | L7: Value( Rupees Crores ) | O28: Parsed to numeric float. Converted '-' to NaN. | P28: None
A29: c24 | B29: 27 | C29: AEPS_FUND_TRANSFERS_VOL | D29: 2.1 AePS (Fund Transfers) @ [Volume] | E29: TRANSACTION | F29: B. Payment Systems | G29: II Retail | H29: Retail Credit Transfers | I29: Component | J29: Transaction Volume | K29: Lakh (100,000 transactions) | L29: TRUE | M29: @ | N29: L4: | L5: | L6: 2.1 AePS (Fund Transfers) @ | L7: Volume (Lakh) | O29: Parsed to numeric float. Converted '-' to NaN. Imputed Sep-2023 for PPI Total. | P29: None
A30: c25 | B30: 28 | C30: AEPS_FUND_TRANSFERS_VAL | D30: 2.1 AePS (Fund Transfers) @ [Value] | E30: TRANSACTION | F30: B. Payment Systems | G30: II Retail | H30: Retail Credit Transfers | I30: Component | J30: Transaction Value | K30: Rupees Crores (â‚¹ 10,000,000 INR) | L30: TRUE | M30: @ | N30: L4: | L5: | L6: | L7: Value( Rupees Crores ) | O30: Parsed to numeric float. Converted '-' to NaN. | P30: None
A31: c26 | B31: 29 | C31: APBS_VOL | D31: 2.2 APBS $ [Volume] | E31: TRANSACTION | F31: B. Payment Systems | G31: II Retail | H31: Retail Credit Transfers | I31: Component | J31: Transaction Volume | K31: Lakh (100,000 transactions) | L31: TRUE | M31: $ | N31: L4: | L5: | L6: 2.2 APBS $ | L7: Volume (Lakh) | O31: Parsed to numeric float. Converted '-' to NaN. Imputed Sep-2023 for PPI Total. | P31: None
A32: c27 | B32: 30 | C32: APBS_VAL | D32: 2.2 APBS $ [Value] | E32: TRANSACTION | F32: B. Payment Systems | G32: II Retail | H32: Retail Credit Transfers | I32: Component | J32: Transaction Value | K32: Rupees Crores (â‚¹ 10,000,000 INR) | L32: TRUE | M32: $ | N32: L4: | L5: | L6: | L7: Value( Rupees Crores ) | O32: Parsed to numeric float. Converted '-' to NaN. | P32: None
A33: c28 | B33: 31 | C33: ECS_CREDIT_VOL | D33: 2.3 ECS Cr [Volume] | E33: TRANSACTION | F33: B. Payment Systems | G33: II Retail | H33: Retail Credit Transfers | I33: Component | J33: Transaction Volume | K33: Lakh (100,000 transactions) | L33: TRUE | N33: L4: | L5: | L6: 2.3 ECS Cr | L7: Volume (Lakh) | O33: Parsed to numeric float. Converted '-' to NaN. Imputed Sep-2023 for PPI Total. | P33: Merged into NACH on 31-Jan-2020; post-merger periods contain '-' or 0.00.
A34: c29 | B34: 32 | C34: ECS_CREDIT_VAL | D34: 2.3 ECS Cr [Value] | E34: TRANSACTION | F34: B. Payment Systems | G34: II Retail | H34: Retail Credit Transfers | I34: Component | J34: Transaction Value | K34: Rupees Crores (â‚¹ 10,000,000 INR) | L34: TRUE | N34: L4: | L5: | L6: | L7: Value( Rupees Crores ) | O34: Parsed to numeric float. Converted '-' to NaN. | P34: Merged into NACH on 31-Jan-2020; post-merger periods contain '-' or 0.00.
A35: c30 | B35: 33 | C35: IMPS_VOL | D35: 2.4 IMPS [Volume] | E35: TRANSACTION | F35: B. Payment Systems | G35: II Retail | H35: Retail Credit Transfers | I35: Component | J35: Transaction Volume | K35: Lakh (100,000 transactions) | L35: TRUE | N35: L4: | L5: | L6: 2.4 IMPS | L7: Volume (Lakh) | O35: Parsed to numeric float. Converted '-' to NaN. Imputed Sep-2023 for PPI Total. | P35: None
A36: c31 | B36: 34 | C36: IMPS_VAL | D36: 2.4 IMPS [Value] | E36: TRANSACTION | F36: B. Payment Systems | G36: II Retail | H36: Retail Credit Transfers | I36: Component | J36: Transaction Value | K36: Rupees Crores (â‚¹ 10,000,000 INR) | L36: TRUE | N36: L4: | L5: | L6: | L7: Value( Rupees Crores ) | O36: Parsed to numeric float. Converted '-' to NaN. | P36: None
A37: c32 | B37: 35 | C37: NACH_CREDIT_VOL | D37: 2.5 NACH Cr $ [Volume] | E37: TRANSACTION | F37: B. Payment Systems | G37: II Retail | H37: Retail Credit Transfers | I37: Component | J37: Transaction Volume | K37: Lakh (100,000 transactions) | L37: TRUE | M37: $ | N37: L4: | L5: | L6: 2.5 NACH Cr $ | L7: Volume (Lakh) | O37: Parsed to numeric float. Converted '-' to NaN. Imputed Sep-2023 for PPI Total. | P37: None
A38: c33 | B38: 36 | C38: NACH_CREDIT_VAL | D38: 2.5 NACH Cr $ [Value] | E38: TRANSACTION | F38: B. Payment Systems | G38: II Retail | H38: Retail Credit Transfers | I38: Component | J38: Transaction Value | K38: Rupees Crores (â‚¹ 10,000,000 INR) | L38: TRUE | M38: $ | N38: L4: | L5: | L6: | L7: Value( Rupees Crores ) | O38: Parsed to numeric float. Converted '-' to NaN. | P38: None
A39: c34 | B39: 37 | C39: NEFT_VOL | D39: 2.6 NEFT [Volume] | E39: TRANSACTION | F39: B. Payment Systems | G39: II Retail | H39: Retail Credit Transfers | I39: Component | J39: Transaction Volume | K39: Lakh (100,000 transactions) | L39: TRUE | N39: L4: | L5: | L6: 2.6 NEFT | L7: Volume (Lakh) | O39: Parsed to numeric float. Converted '-' to NaN. Imputed Sep-2023 for PPI Total. | P39: None
A40: c35 | B40: 38 | C40: NEFT_VAL | D40: 2.6 NEFT [Value] | E40: TRANSACTION | F40: B. Payment Systems | G40: II Retail | H40: Retail Credit Transfers | I40: Component | J40: Transaction Value | K40: Rupees Crores (â‚¹ 10,000,000 INR) | L40: TRUE | N40: L4: | L5: | L6: | L7: Value( Rupees Crores ) | O40: Parsed to numeric float. Converted '-' to NaN. | P40: None
A41: c36 | B41: 39 | C41: UPI_VOL | D41: 2.7 UPI @ [Volume] | E41: TRANSACTION | F41: B. Payment Systems | G41: II Retail | H41: Retail Credit Transfers | I41: Component | J41: Transaction Volume | K41: Lakh (100,000 transactions) | L41: TRUE | M41: @ | N41: L4: | L5: | L6: 2.7 UPI @ | L7: Volume (Lakh) | O41: Parsed to numeric float. Converted '-' to NaN. Imputed Sep-2023 for PPI Total. | P41: None
A42: c37 | B42: 40 | C42: UPI_VAL | D42: 2.7 UPI @ [Value] | E42: TRANSACTION | F42: B. Payment Systems | G42: II Retail | H42: Retail Credit Transfers | I42: Component | J42: Transaction Value | K42: Rupees Crores (â‚¹ 10,000,000 INR) | L42: TRUE | M42: @ | N42: L4: | L5: | L6: | L7: Value( Rupees Crores ) | O42: Parsed to numeric float. Converted '-' to NaN. | P42: None
A43: c38 | B43: 41 | C43: UPI_USSD_VOL | D43: 2.7.1 of which USSD @ [Volume] | E43: TRANSACTION | F43: B. Payment Systems | G43: II Retail | H43: Retail Credit Transfers | I43: Sub_Component | J43: Transaction Volume | K43: Lakh (100,000 transactions) | L43: TRUE | M43: @ | N43: L4: | L5: | L6: 2.7.1 of which USSD @ | L7: Volume (Lakh) | O43: Parsed to numeric float. Converted '-' to NaN. Imputed Sep-2023 for PPI Total. | P43: None
A44: c39 | B44: 42 | C44: UPI_USSD_VAL | D44: 2.7.1 of which USSD @ [Value] | E44: TRANSACTION | F44: B. Payment Systems | G44: II Retail | H44: Retail Credit Transfers | I44: Sub_Component | J44: Transaction Value | K44: Rupees Crores (â‚¹ 10,000,000 INR) | L44: TRUE | M44: @ | N44: L4: | L5: | L6: | L7: Value( Rupees Crores ) | O44: Parsed to numeric float. Converted '-' to NaN. | P44: None
A45: c40 | B45: 43 | C45: DEBIT_TRANSFERS_TOTAL_VOL | D45: 3 Debit Transfers and Direct Debits (3.1 to 3.4) [Volume] | E45: TRANSACTION | F45: B. Payment Systems | G45: II Retail | H45: Retail Debit Transfers | I45: Category_Total | J45: Transaction Volume | K45: Lakh (100,000 transactions) | L45: TRUE | N45: L4: | L5: | L6: 3 Debit Transfers and Direct Debits (3.1 to 3.4) | L7: Volume (Lakh) | O45: Parsed to numeric float. Converted '-' to NaN. Imputed Sep-2023 for PPI Total. | P45: None
A46: c41 | B46: 44 | C46: DEBIT_TRANSFERS_TOTAL_VAL | D46: 3 Debit Transfers and Direct Debits (3.1 to 3.4) [Value] | E46: TRANSACTION | F46: B. Payment Systems | G46: II Retail | H46: Retail Debit Transfers | I46: Category_Total | J46: Transaction Value | K46: Rupees Crores (â‚¹ 10,000,000 INR) | L46: TRUE | N46: L4: | L5: | L6: | L7: Value( Rupees Crores ) | O46: Parsed to numeric float. Converted '-' to NaN. | P46: None
A47: c42 | B47: 45 | C47: BHIM_AADHAAR_PAY_VOL | D47: 3.1 BHIM Aadhaar Pay @ [Volume] | E47: TRANSACTION | F47: B. Payment Systems | G47: II Retail | H47: Retail Debit Transfers | I47: Component | J47: Transaction Volume | K47: Lakh (100,000 transactions) | L47: TRUE | M47: @ | N47: L4: | L5: | L6: 3.1 BHIM Aadhaar Pay @ | L7: Volume (Lakh) | O47: Parsed to numeric float. Converted '-' to NaN. Imputed Sep-2023 for PPI Total. | P47: None
A48: c43 | B48: 46 | C48: BHIM_AADHAAR_PAY_VAL | D48: 3.1 BHIM Aadhaar Pay @ [Value] | E48: TRANSACTION | F48: B. Payment Systems | G48: II Retail | H48: Retail Debit Transfers | I48: Component | J48: Transaction Value | K48: Rupees Crores (â‚¹ 10,000,000 INR) | L48: TRUE | M48: @ | N48: L4: | L5: | L6: | L7: Value( Rupees Crores ) | O48: Parsed to numeric float. Converted '-' to NaN. | P48: None
A49: c44 | B49: 47 | C49: ECS_DEBIT_VOL | D49: 3.2 ECS Dr [Volume] | E49: TRANSACTION | F49: B. Payment Systems | G49: II Retail | H49: Retail Debit Transfers | I49: Component | J49: Transaction Volume | K49: Lakh (100,000 transactions) | L49: TRUE | N49: L4: | L5: 3.2 ECS Dr | L6: 3.2 ECS Dr | L7: Volume (Lakh) | O49: Parsed to numeric float. Converted '-' to NaN. Imputed Sep-2023 for PPI Total. | P49: Merged into NACH on 31-Jan-2020; post-merger periods contain '-' or 0.00.
A50: c45 | B50: 48 | C50: ECS_DEBIT_VAL | D50: 3.2 ECS Dr [Value] | E50: TRANSACTION | F50: B. Payment Systems | G50: II Retail | H50: Retail Debit Transfers | I50: Component | J50: Transaction Value | K50: Rupees Crores (â‚¹ 10,000,000 INR) | L50: TRUE | N50: L4: | L5: | L6: | L7: Value( Rupees Crores ) | O50: Parsed to numeric float. Converted '-' to NaN. | P50: Merged into NACH on 31-Jan-2020; post-merger periods contain '-' or 0.00.
A51: c46 | B51: 49 | C51: NACH_DEBIT_VOL | D51: 3.3 NACH Dr $ [Volume] | E51: TRANSACTION | F51: B. Payment Systems | G51: II Retail | H51: Retail Debit Transfers | I51: Component | J51: Transaction Volume | K51: Lakh (100,000 transactions) | L51: TRUE | M51: $ | N51: L4: | L5: II Retail | L6: 3.3 NACH Dr $ | L7: Volume (Lakh) | O51: Parsed to numeric float. Converted '-' to NaN. Imputed Sep-2023 for PPI Total. | P51: None
A52: c47 | B52: 50 | C52: NACH_DEBIT_VAL | D52: 3.3 NACH Dr $ [Value] | E52: TRANSACTION | F52: B. Payment Systems | G52: II Retail | H52: Retail Debit Transfers | I52: Component | J52: Transaction Value | K52: Rupees Crores (â‚¹ 10,000,000 INR) | L52: TRUE | M52: $ | N52: L4: | L5: | L6: | L7: Value( Rupees Crores ) | O52: Parsed to numeric float. Converted '-' to NaN. | P52: None
A53: c48 | B53: 51 | C53: NETC_FASTAG_VOL | D53: 3.4 NETC (linked to bank account) @ [Volume] | E53: TRANSACTION | F53: B. Payment Systems | G53: II Retail | H53: Retail Debit Transfers | I53: Component | J53: Transaction Volume | K53: Lakh (100,000 transactions) | L53: TRUE | M53: @ | N53: L4: | L5: | L6: 3.4 NETC (linked to bank account) @ | L7: Volume (Lakh) | O53: Parsed to numeric float. Converted '-' to NaN. Imputed Sep-2023 for PPI Total. | P53: None
A54: c49 | B54: 52 | C54: NETC_FASTAG_VAL | D54: 3.4 NETC (linked to bank account) @ [Value] | E54: TRANSACTION | F54: B. Payment Systems | G54: II Retail | H54: Retail Debit Transfers | I54: Component | J54: Transaction Value | K54: Rupees Crores (â‚¹ 10,000,000 INR) | L54: TRUE | M54: @ | N54: L4: | L5: | L6: | L7: Value( Rupees Crores ) | O54: Parsed to numeric float. Converted '-' to NaN. | P54: None
A55: c50 | B55: 53 | C55: CARD_PAYMENTS_TOTAL_VOL | D55: 4 Card Payments (4.1 to 4.2) [Volume] | E55: TRANSACTION | F55: B. Payment Systems | G55: II Retail | H55: Card Payments | I55: Category_Total | J55: Transaction Volume | K55: Lakh (100,000 transactions) | L55: TRUE | N55: L4: | L5: | L6: 4 Card Payments (4.1 to 4.2) | L7: Volume (Lakh) | O55: Parsed to numeric float. Converted '-' to NaN. Imputed Sep-2023 for PPI Total. | P55: None
A56: c51 | B56: 54 | C56: CARD_PAYMENTS_TOTAL_VAL | D56: 4 Card Payments (4.1 to 4.2) [Value] | E56: TRANSACTION | F56: B. Payment Systems | G56: II Retail | H56: Card Payments | I56: Category_Total | J56: Transaction Value | K56: Rupees Crores (â‚¹ 10,000,000 INR) | L56: TRUE | N56: L4: | L5: | L6: | L7: Value( Rupees Crores ) | O56: Parsed to numeric float. Converted '-' to NaN. | P56: None
A57: c52 | B57: 55 | C57: CREDIT_CARDS_TOTAL_VOL | D57: 4.1 Credit Cards (4.1.1 to 4.1.2) [Volume] | E57: TRANSACTION | F57: B. Payment Systems | G57: II Retail | H57: Card Payments | I57: Subtotal | J57: Transaction Volume | K57: Lakh (100,000 transactions) | L57: TRUE | N57: L4: | L5: | L6: 4.1 Credit Cards (4.1.1 to 4.1.2) | L7: Volume (Lakh) | O57: Parsed to numeric float. Converted '-' to NaN. Imputed Sep-2023 for PPI Total. | P57: None
A58: c53 | B58: 56 | C58: CREDIT_CARDS_TOTAL_VAL | D58: 4.1 Credit Cards (4.1.1 to 4.1.2) [Value] | E58: TRANSACTION | F58: B. Payment Systems | G58: II Retail | H58: Card Payments | I58: Subtotal | J58: Transaction Value | K58: Rupees Crores (â‚¹ 10,000,000 INR) | L58: TRUE | N58: L4: | L5: | L6: | L7: Value( Rupees Crores ) | O58: Parsed to numeric float. Converted '-' to NaN. | P58: None
A59: c54 | B59: 57 | C59: CREDIT_CARDS_POS_VOL | D59: 4.1.1 PoS based $ [Volume] | E59: TRANSACTION | F59: B. Payment Systems | G59: II Retail | H59: Card Payments | I59: Component | J59: Transaction Volume | K59: Lakh (100,000 transactions) | L59: TRUE | M59: $ | N59: L4: | L5: | L6: 4.1.1 PoS based $ | L7: Volume (Lakh) | O59: Parsed to numeric float. Converted '-' to NaN. Imputed Sep-2023 for PPI Total. | P59: None
A60: c55 | B60: 58 | C60: CREDIT_CARDS_POS_VAL | D60: 4.1.1 PoS based $ [Value] | E60: TRANSACTION | F60: B. Payment Systems | G60: II Retail | H60: Card Payments | I60: Component | J60: Transaction Value | K60: Rupees Crores (â‚¹ 10,000,000 INR) | L60: TRUE | M60: $ | N60: L4: | L5: | L6: | L7: Value( Rupees Crores ) | O60: Parsed to numeric float. Converted '-' to NaN. | P60: None
A61: c56 | B61: 59 | C61: CREDIT_CARDS_OTHERS_VOL | D61: 4.1.2 Others $ [Volume] | E61: TRANSACTION | F61: B. Payment Systems | G61: II Retail | H61: Card Payments | I61: Component | J61: Transaction Volume | K61: Lakh (100,000 transactions) | L61: TRUE | M61: $ | N61: L4: | L5: | L6: 4.1.2 Others $ | L7: Volume (Lakh) | O61: Parsed to numeric float. Converted '-' to NaN. Imputed Sep-2023 for PPI Total. | P61: None
A62: c57 | B62: 60 | C62: CREDIT_CARDS_OTHERS_VAL | D62: 4.1.2 Others $ [Value] | E62: TRANSACTION | F62: B. Payment Systems | G62: II Retail | H62: Card Payments | I62: Component | J62: Transaction Value | K62: Rupees Crores (â‚¹ 10,000,000 INR) | L62: TRUE | M62: $ | N62: L4: | L5: | L6: | L7: Value( Rupees Crores ) | O62: Parsed to numeric float. Converted '-' to NaN. | P62: None
A63: c58 | B63: 61 | C63: DEBIT_CARDS_TOTAL_VOL | D63: 4.2 Debit Cards (4.2.1 to 4.2.1 ) [Volume] | E63: TRANSACTION | F63: B. Payment Systems | G63: II Retail | H63: Card Payments | I63: Subtotal | J63: Transaction Volume | K63: Lakh (100,000 transactions) | L63: TRUE | N63: L4: | L5: | L6: 4.2 Debit Cards (4.2.1 to 4.2.1 ) | L7: Volume (Lakh) | O63: Parsed to numeric float. Converted '-' to NaN. Imputed Sep-2023 for PPI Total. | P63: None
A64: c59 | B64: 62 | C64: DEBIT_CARDS_TOTAL_VAL | D64: 4.2 Debit Cards (4.2.1 to 4.2.1 ) [Value] | E64: TRANSACTION | F64: B. Payment Systems | G64: II Retail | H64: Card Payments | I64: Subtotal | J64: Transaction Value | K64: Rupees Crores (â‚¹ 10,000,000 INR) | L64: TRUE | N64: L4: | L5: | L6: | L7: Value( Rupees Crores ) | O64: Parsed to numeric float. Converted '-' to NaN. | P64: None
A65: c60 | B65: 63 | C65: DEBIT_CARDS_POS_VOL | D65: 4.2.1 PoS based $ [Volume] | E65: TRANSACTION | F65: B. Payment Systems | G65: II Retail | H65: Card Payments | I65: Component | J65: Transaction Volume | K65: Lakh (100,000 transactions) | L65: TRUE | M65: $ | N65: L4: | L5: | L6: 4.2.1 PoS based $ | L7: Volume (Lakh) | O65: Parsed to numeric float. Converted '-' to NaN. Imputed Sep-2023 for PPI Total. | P65: None
A66: c61 | B66: 64 | C66: DEBIT_CARDS_POS_VAL | D66: 4.2.1 PoS based $ [Value] | E66: TRANSACTION | F66: B. Payment Systems | G66: II Retail | H66: Card Payments | I66: Component | J66: Transaction Value | K66: Rupees Crores (â‚¹ 10,000,000 INR) | L66: TRUE | M66: $ | N66: L4: | L5: | L6: | L7: Value( Rupees Crores ) | O66: Parsed to numeric float. Converted '-' to NaN. | P66: None
A67: c62 | B67: 65 | C67: DEBIT_CARDS_OTHERS_VOL | D67: 4.2.2 Others $ [Volume] | E67: TRANSACTION | F67: B. Payment Systems | G67: II Retail | H67: Card Payments | I67: Component | J67: Transaction Volume | K67: Lakh (100,000 transactions) | L67: TRUE | M67: $ | N67: L4: | L5: | L6: 4.2.2 Others $ | L7: Volume (Lakh) | O67: Parsed to numeric float. Converted '-' to NaN. Imputed Sep-2023 for PPI Total. | P67: None
A68: c63 | B68: 66 | C68: DEBIT_CARDS_OTHERS_VAL | D68: 4.2.2 Others $ [Value] | E68: TRANSACTION | F68: B. Payment Systems | G68: II Retail | H68: Card Payments | I68: Component | J68: Transaction Value | K68: Rupees Crores (â‚¹ 10,000,000 INR) | L68: TRUE | M68: $ | N68: L4: | L5: | L6: | L7: Value( Rupees Crores ) | O68: Parsed to numeric float. Converted '-' to NaN. | P68: None
A69: c64 | B69: 67 | C69: PPI_TOTAL_VOL | D69: 5 Prepaid Payment Instruments (5.1 to 5.2) [Volume] | E69: TRANSACTION | F69: B. Payment Systems | G69: II Retail | H69: Prepaid Payment Instruments (PPIs) | I69: Category_Total | J69: Transaction Volume | K69: Lakh (100,000 transactions) | L69: TRUE | N69: L4: | L5: | L6: 5 Prepaid Payment Instruments (5.1 to 5.2) | L7: Volume (Lakh) | O69: Parsed to numeric float. Converted '-' to NaN. Imputed Sep-2023 for PPI Total. | P69: Sep-2023 volume reported as '-' despite valid component sums; imputed from Wallets + Cards.
A70: c65 | B70: 68 | C70: PPI_TOTAL_VAL | D70: 5 Prepaid Payment Instruments (5.1 to 5.2) [Value] | E70: TRANSACTION | F70: B. Payment Systems | G70: II Retail | H70: Prepaid Payment Instruments (PPIs) | I70: Category_Total | J70: Transaction Value | K70: Rupees Crores (â‚¹ 10,000,000 INR) | L70: TRUE | N70: L4: | L5: | L6: | L7: Value( Rupees Crores ) | O70: Parsed to numeric float. Converted '-' to NaN. | P70: Sep-2023 volume reported as '-' despite valid component sums; imputed from Wallets + Cards.
A71: c66 | B71: 69 | C71: PPI_WALLETS_VOL | D71: 5.1 Wallets [Volume] | E71: TRANSACTION | F71: B. Payment Systems | G71: II Retail | H71: Prepaid Payment Instruments (PPIs) | I71: Component | J71: Transaction Volume | K71: Lakh (100,000 transactions) | L71: TRUE | N71: L4: | L5: | L6: 5.1 Wallets | L7: Volume (Lakh) | O71: Parsed to numeric float. Converted '-' to NaN. Imputed Sep-2023 for PPI Total. | P71: None
A72: c67 | B72: 70 | C72: PPI_WALLETS_VAL | D72: 5.1 Wallets [Value] | E72: TRANSACTION | F72: B. Payment Systems | G72: II Retail | H72: Prepaid Payment Instruments (PPIs) | I72: Component | J72: Transaction Value | K72: Rupees Crores (â‚¹ 10,000,000 INR) | L72: TRUE | N72: L4: | L5: | L6: | L7: Value( Rupees Crores ) | O72: Parsed to numeric float. Converted '-' to NaN. | P72: None
A73: c68 | B73: 71 | C73: PPI_CARDS_TOTAL_VOL | D73: 5.2 Cards (5.2.1 to 5.2.2) [Volume] | E73: TRANSACTION | F73: B. Payment Systems | G73: II Retail | H73: Prepaid Payment Instruments (PPIs) | I73: Subtotal | J73: Transaction Volume | K73: Lakh (100,000 transactions) | L73: TRUE | N73: L4: | L5: | L6: 5.2 Cards (5.2.1 to 5.2.2) | L7: Volume (Lakh) | O73: Parsed to numeric float. Converted '-' to NaN. Imputed Sep-2023 for PPI Total. | P73: None
A74: c69 | B74: 72 | C74: PPI_CARDS_TOTAL_VAL | D74: 5.2 Cards (5.2.1 to 5.2.2) [Value] | E74: TRANSACTION | F74: B. Payment Systems | G74: II Retail | H74: Prepaid Payment Instruments (PPIs) | I74: Subtotal | J74: Transaction Value | K74: Rupees Crores (â‚¹ 10,000,000 INR) | L74: TRUE | N74: L4: | L5: | L6: | L7: Value( Rupees Crores ) | O74: Parsed to numeric float. Converted '-' to NaN. | P74: None
A75: c70 | B75: 73 | C75: PPI_CARDS_POS_VOL | D75: 5.2.1 PoS based $ [Volume] | E75: TRANSACTION | F75: B. Payment Systems | G75: II Retail | H75: Prepaid Payment Instruments (PPIs) | I75: Component | J75: Transaction Volume | K75: Lakh (100,000 transactions) | L75: TRUE | M75: $ | N75: L4: | L5: | L6: 5.2.1 PoS based $ | L7: Volume (Lakh) | O75: Parsed to numeric float. Converted '-' to NaN. Imputed Sep-2023 for PPI Total. | P75: None
A76: c71 | B76: 74 | C76: PPI_CARDS_POS_VAL | D76: 5.2.1 PoS based $ [Value] | E76: TRANSACTION | F76: B. Payment Systems | G76: II Retail | H76: Prepaid Payment Instruments (PPIs) | I76: Component | J76: Transaction Value | K76: Rupees Crores (â‚¹ 10,000,000 INR) | L76: TRUE | M76: $ | N76: L4: | L5: | L6: | L7: Value( Rupees Crores ) | O76: Parsed to numeric float. Converted '-' to NaN. | P76: None
A77: c72 | B77: 75 | C77: PPI_CARDS_OTHERS_VOL | D77: 5.2.2 Others $ [Volume] | E77: TRANSACTION | F77: B. Payment Systems | G77: II Retail | H77: Prepaid Payment Instruments (PPIs) | I77: Component | J77: Transaction Volume | K77: Lakh (100,000 transactions) | L77: TRUE | M77: $ | N77: L4: | L5: | L6: 5.2.2 Others $ | L7: Volume (Lakh) | O77: Parsed to numeric float. Converted '-' to NaN. Imputed Sep-2023 for PPI Total. | P77: None
A78: c73 | B78: 76 | C78: PPI_CARDS_OTHERS_VAL | D78: 5.2.2 Others $ [Value] | E78: TRANSACTION | F78: B. Payment Systems | G78: II Retail | H78: Prepaid Payment Instruments (PPIs) | I78: Component | J78: Transaction Value | K78: Rupees Crores (â‚¹ 10,000,000 INR) | L78: TRUE | M78: $ | N78: L4: | L5: | L6: | L7: Value( Rupees Crores ) | O78: Parsed to numeric float. Converted '-' to NaN. | P78: None
A79: c74 | B79: 77 | C79: PAPER_TOTAL_VOL | D79: 6 Paper-based Instruments (6.1 to 6.2) [Volume] | E79: TRANSACTION | F79: B. Payment Systems | G79: II Retail | H79: Paper-based Instruments | I79: Category_Total | J79: Transaction Volume | K79: Lakh (100,000 transactions) | L79: TRUE | N79: L4: | L5: | L6: 6 Paper-based Instruments (6.1 to 6.2) | L7: Volume (Lakh) | O79: Parsed to numeric float. Converted '-' to NaN. Imputed Sep-2023 for PPI Total. | P79: None
A80: c75 | B80: 78 | C80: PAPER_TOTAL_VAL | D80: 6 Paper-based Instruments (6.1 to 6.2) [Value] | E80: TRANSACTION | F80: B. Payment Systems | G80: II Retail | H80: Paper-based Instruments | I80: Category_Total | J80: Transaction Value | K80: Rupees Crores (â‚¹ 10,000,000 INR) | L80: TRUE | N80: L4: | L5: | L6: | L7: Value( Rupees Crores ) | O80: Parsed to numeric float. Converted '-' to NaN. | P80: None
A81: c76 | B81: 79 | C81: PAPER_CTS_VOL | D81: 6.1 CTS (NPCI Managed) [Volume] | E81: TRANSACTION | F81: B. Payment Systems | G81: II Retail | H81: Paper-based Instruments | I81: Component | J81: Transaction Volume | K81: Lakh (100,000 transactions) | L81: TRUE | N81: L4: | L5: | L6: 6.1 CTS (NPCI Managed) | L7: Volume (Lakh) | O81: Parsed to numeric float. Converted '-' to NaN. Imputed Sep-2023 for PPI Total. | P81: None
A82: c77 | B82: 80 | C82: PAPER_CTS_VAL | D82: 6.1 CTS (NPCI Managed) [Value] | E82: TRANSACTION | F82: B. Payment Systems | G82: II Retail | H82: Paper-based Instruments | I82: Component | J82: Transaction Value | K82: Rupees Crores (â‚¹ 10,000,000 INR) | L82: TRUE | N82: L4: | L5: | L6: | L7: Value( Rupees Crores ) | O82: Parsed to numeric float. Converted '-' to NaN. | P82: None
A83: c78 | B83: 81 | C83: PAPER_OTHERS_VOL | D83: 6.2 Others [Volume] | E83: TRANSACTION | F83: B. Payment Systems | G83: II Retail | H83: Paper-based Instruments | I83: Component | J83: Transaction Volume | K83: Lakh (100,000 transactions) | L83: TRUE | N83: L4: | L5: 6.2 Others | L6: 6.2 Others | L7: Volume (Lakh) | O83: Parsed to numeric float. Converted '-' to NaN. Imputed Sep-2023 for PPI Total. | P83: None
A84: c79 | B84: 82 | C84: PAPER_OTHERS_VAL | D84: 6.2 Others [Value] | E84: TRANSACTION | F84: B. Payment Systems | G84: II Retail | H84: Paper-based Instruments | I84: Component | J84: Transaction Value | K84: Rupees Crores (â‚¹ 10,000,000 INR) | L84: TRUE | N84: L4: | L5: | L6: | L7: Value( Rupees Crores ) | O84: Parsed to numeric float. Converted '-' to NaN. | P84: None
A85: c80 | B85: 83 | C85: TOTAL_RETAIL_PAYMENTS_VOL | D85: Total - Retail Payments (2+3+4+5+6) [Volume] | E85: TRANSACTION | F85: B. Payment Systems | G85: II Retail | H85: Macro Aggregates | I85: Grand_Total | J85: Transaction Volume | K85: Lakh (100,000 transactions) | L85: TRUE | N85: L4: | L5: II Retail | L6: Total - Retail Payments (2+3+4+5+6) | L7: Volume (Lakh) | O85: Parsed to numeric float. Converted '-' to NaN. Imputed Sep-2023 for PPI Total. | P85: None
A86: c81 | B86: 84 | C86: TOTAL_RETAIL_PAYMENTS_VAL | D86: Total - Retail Payments (2+3+4+5+6) [Value] | E86: TRANSACTION | F86: B. Payment Systems | G86: II Retail | H86: Macro Aggregates | I86: Grand_Total | J86: Transaction Value | K86: Rupees Crores (â‚¹ 10,000,000 INR) | L86: TRUE | N86: L4: | L5: | L6: | L7: Value( Rupees Crores ) | O86: Parsed to numeric float. Converted '-' to NaN. | P86: None
A87: c82 | B87: 85 | C87: TOTAL_PAYMENTS_VOL | D87: Total Payments (1+2+3+4+5+6) [Volume] | E87: TRANSACTION | F87: B. Payment Systems | G87: II Retail | H87: Macro Aggregates | I87: Grand_Total | J87: Transaction Volume | K87: Lakh (100,000 transactions) | L87: TRUE | N87: L4: | L5: | L6: Total Payments (1+2+3+4+5+6) | L7: Volume (Lakh) | O87: Parsed to numeric float. Converted '-' to NaN. Imputed Sep-2023 for PPI Total. | P87: None
A88: c83 | B88: 86 | C88: TOTAL_PAYMENTS_VAL | D88: Total Payments (1+2+3+4+5+6) [Value] | E88: TRANSACTION | F88: B. Payment Systems | G88: II Retail | H88: Macro Aggregates | I88: Grand_Total | J88: Transaction Value | K88: Rupees Crores (â‚¹ 10,000,000 INR) | L88: TRUE | N88: L4: | L5: | L6: | L7: Value( Rupees Crores ) | O88: Parsed to numeric float. Converted '-' to NaN. | P88: None
A89: c84 | B89: 87 | C89: TOTAL_DIGITAL_PAYMENTS_VOL | D89: Total Digital Payments (1+2+3+4+5) [Volume] | E89: TRANSACTION | F89: B. Payment Systems | G89: II Retail | H89: Macro Aggregates | I89: Grand_Total | J89: Transaction Volume | K89: Lakh (100,000 transactions) | L89: TRUE | N89: L4: | L5: | L6: Total Digital Payments (1+2+3+4+5) | L7: Volume (Lakh) | O89: Parsed to numeric float. Converted '-' to NaN. Imputed Sep-2023 for PPI Total. | P89: None
A90: c85 | B90: 88 | C90: TOTAL_DIGITAL_PAYMENTS_VAL | D90: Total Digital Payments (1+2+3+4+5) [Value] | E90: TRANSACTION | F90: B. Payment Systems | G90: II Retail | H90: Macro Aggregates | I90: Grand_Total | J90: Transaction Value | K90: Rupees Crores (â‚¹ 10,000,000 INR) | L90: TRUE | N90: L4: | L5: | L6: | L7: Value( Rupees Crores ) | O90: Parsed to numeric float. Converted '-' to NaN. | P90: None
... A92: c87 | B92: 90 | C92: MOBILE_PAYMENTS_TOTAL_VAL | D92: 1 Mobile Payments (mobile app based) (1.1 to 1.2) [Value] | E92: TRANSACTION | F92: A. Other Payment Channels | G92: II Retail | H92: Mobile Banking Channels | I92: Category_Total | J92: Transaction Value | K92: Rupees Crores (â‚¹ 10,000,000 INR) | L92: TRUE | N92: L4: | L5: | L6: | L7: Value( Rupees Crores ) | O92: Parsed to numeric float. Converted '-' to NaN. | P92: None
A93: c88 | B93: 91 | C93: MOBILE_PAYMENTS_INTRABANK_VOL | D93: 1.1 Intra-bank $ [Volume] | E93: TRANSACTION | F93: A. Other Payment Channels | G93: II Retail | H93: Mobile Banking Channels | I93: Component | J93: Transaction Volume | K93: Lakh (100,000 transactions) | L93: TRUE | M93: $ | N93: L4: | L5: | L6: 1.1 Intra-bank $ | L7: Volume (Lakh) | O93: Parsed to numeric float. Converted '-' to NaN. Imputed Sep-2023 for PPI Total. | P93: None
A94: c89 | B94: 92 | C94: MOBILE_PAYMENTS_INTRABANK_VAL | D94: 1.1 Intra-bank $ [Value] | E94: TRANSACTION | F94: A. Other Payment Channels | G94: II Retail | H94: Mobile Banking Channels | I94: Component | J94: Transaction Value | K94: Rupees Crores (â‚¹ 10,000,000 INR) | L94: TRUE | M94: $ | N94: L4: | L5: | L6: | L7: Value( Rupees Crores ) | O94: Parsed to numeric float. Converted '-' to NaN. | P94: None
A95: c90 | B95: 93 | C95: MOBILE_PAYMENTS_INTERBANK_VOL | D95: 1.2 Inter-bank $ [Volume] | E95: TRANSACTION | F95: A. Other Payment Channels | G95: II Retail | H95: Mobile Banking Channels | I95: Component | J95: Transaction Volume | K95: Lakh (100,000 transactions) | L95: TRUE | M95: $ | N95: L4: | L5: | L6: 1.2 Inter-bank $ | L7: Volume (Lakh) | O95: Parsed to numeric float. Converted '-' to NaN. Imputed Sep-2023 for PPI Total. | P95: None
A96: c91 | B96: 94 | C96: MOBILE_PAYMENTS_INTERBANK_VAL | D96: 1.2 Inter-bank $ [Value] | E96: TRANSACTION | F96: A. Other Payment Channels | G96: II Retail | H96: Mobile Banking Channels | I96: Component | J96: Transaction Value | K96: Rupees Crores (â‚¹ 10,000,000 INR) | L96: TRUE | M96: $ | N96: L4: | L5: | L6: | L7: Value( Rupees Crores ) | O96: Parsed to numeric float. Converted '-' to NaN. | P96: None
A97: c92 | B97: 95 | C97: INTERNET_PAYMENTS_TOTAL_VOL | D97: 2 Internet Payments (Netbanking / Internet Browser Based) @ (2.1 to 2.2) [Volume] | E97: TRANSACTION | F97: A. Other Payment Channels | G97: II Retail | H97: Internet Banking Channels | I97: Category_Total | J97: Transaction Volume | K97: Lakh (100,000 transactions) | L97: TRUE | M97: @ | N97: L4: | L5: | L6: 2 Internet Payments (Netbanking / Internet Browser Based) @ (2.1 to 2.2) | L7: Volume (Lakh) | O97: Parsed to numeric float. Converted '-' to NaN. Imputed Sep-2023 for PPI Total. | P97: None
A98: c93 | B98: 96 | C98: INTERNET_PAYMENTS_TOTAL_VAL | D98: 2 Internet Payments (Netbanking / Internet Browser Based) @ (2.1 to 2.2) [Value] | E98: TRANSACTION | F98: A. Other Payment Channels | G98: II Retail | H98: Internet Banking Channels | I98: Category_Total | J98: Transaction Value | K98: Rupees Crores (â‚¹ 10,000,000 INR) | L98: TRUE | M98: @ | N98: L4: | L5: | L6: | L7: Value( Rupees Crores ) | O98: Parsed to numeric float. Converted '-' to NaN. | P98: None
A99: c94 | B99: 97 | C99: INTERNET_PAYMENTS_INTRABANK_VOL | D99: 2.1 Intra-bank @ [Volume] | E99: TRANSACTION | F99: A. Other Payment Channels | G99: II Retail | H99: Internet Banking Channels | I99: Component | J99: Transaction Volume | K99: Lakh (100,000 transactions) | L99: TRUE | M99: @ | N99: L4: | L5: | L6: 2.1 Intra-bank @ | L7: Volume (Lakh) | O99: Parsed to numeric float. Converted '-' to NaN. Imputed Sep-2023 for PPI Total. | P99: None
A100: c95 | B100: 98 | C100: INTERNET_PAYMENTS_INTRABANK_VAL | D100: 2.1 Intra-bank @ [Value] | E100: TRANSACTION | F100: A. Other Payment Channels | G100: II Retail | H100: Internet Banking Channels | I100: Component | J100: Transaction Value | K100: Rupees Crores (â‚¹ 10,000,000 INR) | L100: TRUE | M100: @ | N100: L4: | L5: | L6: | L7: Value( Rupees Crores ) | O100: Parsed to numeric float. Converted '-' to NaN. | P100: None
A101: c96 | B101: 99 | C101: INTERNET_PAYMENTS_INTERBANK_VOL | D101: 2.2 Inter-bank @ [Volume] | E101: TRANSACTION | F101: A. Other Payment Channels | G101: II Retail | H101: Internet Banking Channels | I101: Component | J101: Transaction Volume | K101: Lakh (100,000 transactions) | L101: TRUE | M101: @ | N101: L4: | L5: | L6: 2.2 Inter-bank @ | L7: Volume (Lakh) | O101: Parsed to numeric float. Converted '-' to NaN. Imputed Sep-2023 for PPI Total. | P101: None
A102: c97 | B102: 100 | C102: INTERNET_PAYMENTS_INTERBANK_VAL | D102: 2.2 Inter-bank @ [Value] | E102: TRANSACTION | F102: A. Other Payment Channels | G102: II Retail | H102: Internet Banking Channels | I102: Component | J102: Transaction Value | K102: Rupees Crores (â‚¹ 10,000,000 INR) | L102: TRUE | M102: @ | N102: L4: | L5: | L6: | L7: Value( Rupees Crores ) | O102: Parsed to numeric float. Converted '-' to NaN. | P102: None
A103: c98 | B103: 101 | C103: ATM_CASH_TOTAL_VOL | D103: 3 Cash Withdrawal at ATMs $ (3.1 to 3.3) [Volume] | E103: TRANSACTION | F103: B. ATMs | G103: II Retail | H103: Cash Withdrawals | I103: Category_Total | J103: Transaction Volume | K103: Lakh (100,000 transactions) | L103: TRUE | M103: $ | N103: L4: B. ATMs | L5: | L6: 3 Cash Withdrawal at ATMs $ (3.1 to 3.3) | L7: Volume (Lakh) | O103: Parsed to numeric float. Converted '-' to NaN. Imputed Sep-2023 for PPI Total. | P103: None
A104: c99 | B104: 102 | C104: ATM_CASH_TOTAL_VAL | D104: 3 Cash Withdrawal at ATMs $ (3.1 to 3.3) [Value] | E104: TRANSACTION | F104: B. ATMs | G104: II Retail | H104: Cash Withdrawals | I104: Category_Total | J104: Transaction Value | K104: Rupees Crores (â‚¹ 10,000,000 INR) | L104: TRUE | M104: $ | N104: L4: | L5: | L6: | L7: Value( Rupees Crores ) | O104: Parsed to numeric float. Converted '-' to NaN. | P104: None
... A120: c115 | B120: 118 | C120: MICRO_ATM_AEPS_CASH_VAL | D120: 5.1 AePS @ [Value] | E120: TRANSACTION | F120: B. ATMs | G120: II Retail | H120: Cash Withdrawals | I120: Component | J120: Transaction Value | K120: Rupees Crores (â‚¹ 10,000,000 INR) | L120: TRUE | M120: @ | N120: L4: | L5: | L6: | L7: Value( Rupees Crores ) | O120: Parsed to numeric float. Converted '-' to NaN. | P120: None
...

Sheet Cleaning Exceptions
A1: exception_id | B1: month_date | C1: month_label | D1: source_column | E1: indicator_code | F1: indicator_name | G1: raw_value | H1: cleaned_value | I1: exception_category | J1: severity | K1: resolution_applied | L1: audit_justification
A2: EXC_0036 | B2: 43770 | C2: 43770 | D2: c140 | E2: UPI_QR_STATIC_DEPLOYED | F2: 7 UPI QR * | G2: - | I2: PRE_LAUNCH_TRACKING | J2: INFO | K2: Preserved as NaN/None with PRE_LAUNCH flag | L2: Tracking officially commenced in September 2020 per RBI footnote marker (*).
A3: EXC_0035 | B3: 43800 | C3: 43800 | D3: c140 | E3: UPI_QR_STATIC_DEPLOYED | F3: 7 UPI QR * | G3: - | I3: PRE_LAUNCH_TRACKING | J3: INFO | K3: Preserved as NaN/None with PRE_LAUNCH flag | L3: Tracking officially commenced in September 2020 per RBI footnote marker (*).
A4: EXC_0034 | B4: 43831 | C4: 43831 | D4: c140 | E4: UPI_QR_STATIC_DEPLOYED | F4: 7 UPI QR * | G4: - | I4: PRE_LAUNCH_TRACKING | J4: INFO | K4: Preserved as NaN/None with PRE_LAUNCH flag | L4: Tracking officially commenced in September 2020 per RBI footnote marker (*).
A5: EXC_0033 | B5: 43862 | C5: 43862 | D5: c140 | E5: UPI_QR_STATIC_DEPLOYED | F5: 7 UPI QR * | G5: - | I5: PRE_LAUNCH_TRACKING | J5: INFO | K5: Preserved as NaN/None with PRE_LAUNCH flag | L5: Tracking officially commenced in September 2020 per RBI footnote marker (*).
A6: EXC_0032 | B6: 43891 | C6: 43891 | D6: c140 | E6: UPI_QR_STATIC_DEPLOYED | F6: 7 UPI QR * | G6: - | I6: PRE_LAUNCH_TRACKING | J6: INFO | K6: Preserved as NaN/None with PRE_LAUNCH flag | L6: Tracking officially commenced in September 2020 per RBI footnote marker (*).
A7: EXC_0031 | B7: 43922 | C7: 43922 | D7: c140 | E7: UPI_QR_STATIC_DEPLOYED | F7: 7 UPI QR * | G7: - | I7: PRE_LAUNCH_TRACKING | J7: INFO | K7: Preserved as NaN/None with PRE_LAUNCH flag | L7: Tracking officially commenced in September 2020 per RBI footnote marker (*).
A8: EXC_0030 | B8: 43952 | C8: 43952 | D8: c140 | E8: UPI_QR_STATIC_DEPLOYED | F8: 7 UPI QR * | G8: - | I8: PRE_LAUNCH_TRACKING | J8: INFO | K8: Preserved as NaN/None with PRE_LAUNCH flag | L8: Tracking officially commenced in September 2020 per RBI footnote marker (*).
A9: EXC_0029 | B9: 43983 | C9: 43983 | D9: c140 | E9: UPI_QR_STATIC_DEPLOYED | F9: 7 UPI QR * | G9: - | I9: PRE_LAUNCH_TRACKING | J9: INFO | K9: Preserved as NaN/None with PRE_LAUNCH flag | L9: Tracking officially commenced in September 2020 per RBI footnote marker (*).
A10: EXC_0028 | B10: 44013 | C10: 44013 | D10: c140 | E10: UPI_QR_STATIC_DEPLOYED | F10: 7 UPI QR * | G10: - | I10: PRE_LAUNCH_TRACKING | J10: INFO | K10: Preserved as NaN/None with PRE_LAUNCH flag | L10: Tracking officially commenced in September 2020 per RBI footnote marker (*).
A11: EXC_0027 | B11: 44044 | C11: 44044 | D11: c140 | E11: UPI_QR_STATIC_DEPLOYED | F11: 7 UPI QR * | G11: - | I11: PRE_LAUNCH_TRACKING | J11: INFO | K11: Preserved as NaN/None with PRE_LAUNCH flag | L11: Tracking officially commenced in September 2020 per RBI footnote marker (*).
A12: EXC_0026 | B12: 45170 | C12: 45170 | D12: c64 | E12: PPI_TOTAL | F12: 5 Prepaid Payment Instruments (5.1 to 5.2) | G12: - | H12: 6143.17 | I12: MISSING_TOTAL_IMPUTATION | J12: MEDIUM | K12: Imputed component sum: Wallets (c66) + PPI Cards (c68) | L12: Raw source reported '-' for PPI total volume in Sep-2023 while reported value (23667.78) matches Wallets value (19944.07) + Cards value (3723.71) = 23667.78. Arithmetic and structure justify imputation.
A13: EXC_0025 | B13: 45292 | C13: 45292 | D13: c141 | E13: UPI_QR_STATIC_DEPLOYED | F13: 7 UPI QR * | G13: 3379.94 | H13: 3379.94 | I13: DISPLACED_INFRASTRUCTURE_VALUE | J13: HIGH | K13: Preserved raw value in raw_value_str; flagged record; excluded from count metrics | L13: UPI QR code count is stored in c140 (3213.79 Lakh). The non-zero value in c141 (3379.94) represents an uncorrected upstream reporting artifact / next-month volume displacement. Infrastructure has no rupee monetary value.
A14: EXC_0024 | B14: 45323 | C14: 45323 | D14: c141 | E14: UPI_QR_STATIC_DEPLOYED | F14: 7 UPI QR * | G14: 3540.62 | H14: 3540.62 | I14: DISPLACED_INFRASTRUCTURE_VALUE | J14: HIGH | K14: Preserved raw value in raw_value_str; flagged record; excluded from count metrics | L14: UPI QR code count is stored in c140 (3371.80 Lakh). The non-zero value in c141 (3540.62) represents an uncorrected upstream reporting artifact / next-month volume displacement. Infrastructure has no rupee monetary value.
A15: EXC_0023 | B15: 45352 | C15: 45352 | D15: c141 | E15: UPI_QR_STATIC_DEPLOYED | F15: 7 UPI QR * | G15: 3606.58 | H15: 3606.58 | I15: DISPLACED_INFRASTRUCTURE_VALUE | J15: HIGH | K15: Preserved raw value in raw_value_str; flagged record; excluded from count metrics | L15: UPI QR code count is stored in c140 (3434.93 Lakh). The non-zero value in c141 (3606.58) represents an uncorrected upstream reporting artifact / next-month volume displacement. Infrastructure has no rupee monetary value.
A16: EXC_0022 | B16: 45383 | C16: 45383 | D16: c141 | E16: UPI_QR_STATIC_DEPLOYED | F16: 7 UPI QR * | G16: 5766.33 | H16: 5766.33 | I16: DISPLACED_INFRASTRUCTURE_VALUE | J16: HIGH | K16: Preserved raw value in raw_value_str; flagged record; excluded from count metrics | L16: UPI QR code count is stored in c140 (5597.20 Lakh). The non-zero value in c141 (5766.33) represents an uncorrected upstream reporting artifact / next-month volume displacement. Infrastructure has no rupee monetary value.
A17: EXC_0021 | B17: 45413 | C17: 45413 | D17: c141 | E17: UPI_QR_STATIC_DEPLOYED | F17: 7 UPI QR * | G17: 5858.35 | H17: 5858.35 | I17: DISPLACED_INFRASTRUCTURE_VALUE | J17: HIGH | K17: Preserved raw value in raw_value_str; flagged record; excluded from count metrics | L17: UPI QR code count is stored in c140 (5690.84 Lakh). The non-zero value in c141 (5858.35) represents an uncorrected upstream reporting artifact / next-month volume displacement. Infrastructure has no rupee monetary value.
A18: EXC_0020 | B18: 45444 | C18: 45444 | D18: c141 | E18: UPI_QR_STATIC_DEPLOYED | F18: 7 UPI QR * | G18: 5939.27 | H18: 5939.27 | I18: DISPLACED_INFRASTRUCTURE_VALUE | J18: HIGH | K18: Preserved raw value in raw_value_str; flagged record; excluded from count metrics | L18: UPI QR code count is stored in c140 (5770.15 Lakh). The non-zero value in c141 (5939.27) represents an uncorrected upstream reporting artifact / next-month volume displacement. Infrastructure has no rupee monetary value.
A19: EXC_0019 | B19: 45474 | C19: 45474 | D19: c141 | E19: UPI_QR_STATIC_DEPLOYED | F19: 7 UPI QR * | G19: 6020.06 | H19: 6020.06 | I19: DISPLACED_INFRASTRUCTURE_VALUE | J19: HIGH | K19: Preserved raw value in raw_value_str; flagged record; excluded from count metrics | L19: UPI QR code count is stored in c140 (5851.14 Lakh). The non-zero value in c141 (6020.06) represents an uncorrected upstream reporting artifact / next-month volume displacement. Infrastructure has no rupee monetary value.
A20: EXC_0018 | B20: 45505 | C20: 45505 | D20: c141 | E20: UPI_QR_STATIC_DEPLOYED | F20: 7 UPI QR * | G20: 6086.94 | H20: 6086.94 | I20: DISPLACED_INFRASTRUCTURE_VALUE | J20: HIGH | K20: Preserved raw value in raw_value_str; flagged record; excluded from count metrics | L20: UPI QR code count is stored in c140 (5912.93 Lakh). The non-zero value in c141 (6086.94) represents an uncorrected upstream reporting artifact / next-month volume displacement. Infrastructure has no rupee monetary value.
A21: EXC_0017 | B21: 45536 | C21: 45536 | D21: c141 | E21: UPI_QR_STATIC_DEPLOYED | F21: 7 UPI QR * | G21: 6245.46 | H21: 6245.46 | I21: DISPLACED_INFRASTRUCTURE_VALUE | J21: HIGH | K21: Preserved raw value in raw_value_str; flagged record; excluded from count metrics | L21: UPI QR code count is stored in c140 (6070.79 Lakh). The non-zero value in c141 (6245.46) represents an uncorrected upstream reporting artifact / next-month volume displacement. Infrastructure has no rupee monetary value.
A22: EXC_0016 | B22: 45566 | C22: 45566 | D22: c141 | E22: UPI_QR_STATIC_DEPLOYED | F22: 7 UPI QR * | G22: 6344.98 | H22: 6344.98 | I22: DISPLACED_INFRASTRUCTURE_VALUE | J22: HIGH | K22: Preserved raw value in raw_value_str; flagged record; excluded from count metrics | L22: UPI QR code count is stored in c140 (6168.52 Lakh). The non-zero value in c141 (6344.98) represents an uncorrected upstream reporting artifact / next-month volume displacement. Infrastructure has no rupee monetary value.
A23: EXC_0015 | B23: 45597 | C23: 45597 | D23: c141 | E23: UPI_QR_STATIC_DEPLOYED | F23: 7 UPI QR * | G23: 6439.37 | H23: 6439.37 | I23: DISPLACED_INFRASTRUCTURE_VALUE | J23: HIGH | K23: Preserved raw value in raw_value_str; flagged record; excluded from count metrics | L23: UPI QR code count is stored in c140 (6261.80 Lakh). The non-zero value in c141 (6439.37) represents an uncorrected upstream reporting artifact / next-month volume displacement. Infrastructure has no rupee monetary value.
... A37: EXC_0001 | B37: 46023 | C37: 46023 | D37: c141 | E37: UPI_QR_STATIC_DEPLOYED | F37: 7 UPI QR * | G37: 7574.12 | H37: 7574.12 | I37: DISPLACED_INFRASTRUCTURE_VALUE | J37: HIGH | K37: Preserved raw value in raw_value_str; flagged record; excluded from count metrics | L37: UPI QR code count is stored in c140 (7383.80 Lakh). The non-zero value in c141 (7574.12) represents an uncorrected upstream reporting artifact / next-month volume displacement. Infrastructure has no rupee monetary value.

Sheet Transaction Data
A1: month_date | B1: month_label | C1: year | D1: month | E1: indicator_code | F1: indicator_name | G1: major_section | H1: sub_section | I1: channel_group | J1: hierarchy_level | K1: volume_lakh | L1: value_inr_crore | M1: avg_ticket_size_inr | N1: volume_source_col | O1: value_source_col | P1: raw_volume_str | Q1: raw_value_str | R1: data_status | S1: notes
A2: 43770 | B2: 43770 | C2: 2019 | D2: 11 | E2: AEPS_FUND_TRANSFERS | F2: 2.1 AePS (Fund Transfers) @ | G2: B. Payment Systems | H2: II Retail | I2: Retail Credit Transfers | J2: Component | K2: 0.64 | L2: 33.1 | M2: 5171.88 | N2: c24 | O2: c25 | P2: 0.64 | Q2: 33.10 | R2: REPORTED
A3: 43770 | B3: 43770 | C3: 2019 | D3: 11 | E3: APBS | F3: 2.2 APBS $ | G3: B. Payment Systems | H3: II Retail | I3: Retail Credit Transfers | J3: Component | K3: 1361.27 | L3: 6882.85 | M3: 505.62 | N3: c26 | O3: c27 | P3: 1361.27 | Q3: 6882.85 | R3: REPORTED
A4: 43770 | B4: 43770 | C4: 2019 | D4: 11 | E4: ATM_CASH_CREDIT_CARD | F4: 3.1 Using Credit Cards $ | G4: B. ATMs | H4: II Retail | I4: Cash Withdrawals | J4: Component | K4: 7.99 | L4: 381.17 | M4: 4770.59 | N4: c100 | O4: c101 | P4: 7.99 | Q4: 381.17 | R4: REPORTED
A5: 43770 | B5: 43770 | C5: 2019 | D5: 11 | E5: ATM_CASH_DEBIT_CARD | F5: 3.2 Using Debit Cards $ | G5: B. ATMs | H5: II Retail | I5: Cash Withdrawals | J5: Component | K5: 6236.89 | L5: 281337.85 | M5: 4510.87 | N5: c102 | O5: c103 | P5: 6236.89 | Q5: 281337.85 | R5: REPORTED
A6: 43770 | B6: 43770 | C6: 2019 | D6: 11 | E6: ATM_CASH_PREPAID_CARD | F6: 3.3 Using Pre-paid Cards $ | G6: B. ATMs | H6: II Retail | I6: Cash Withdrawals | J6: Component | K6: 27.68 | L6: 911.57 | M6: 3293.24 | N6: c104 | O6: c105 | P6: 27.68 | Q6: 911.57 | R6: REPORTED
A7: 43770 | B7: 43770 | C7: 2019 | D7: 11 | E7: ATM_CASH_TOTAL | F7: 3 Cash Withdrawal at ATMs $ (3.1 to 3.3) | G7: B. ATMs | H7: II Retail | I7: Cash Withdrawals | J7: Category_Total | K7: 6272.56 | L7: 282630.59 | M7: 4505.83 | N7: c98 | O7: c99 | P7: 6272.56 | Q7: 282630.59 | R7: REPORTED
A8: 43770 | B8: 43770 | C8: 2019 | D8: 11 | E8: BHIM_AADHAAR_PAY | F8: 3.1 BHIM Aadhaar Pay @ | G8: B. Payment Systems | H8: II Retail | I8: Retail Debit Transfers | J8: Component | K8: 6.46 | L8: 96.68 | M8: 1496.59 | N8: c42 | O8: c43 | P8: 6.46 | Q8: 96.68 | R8: REPORTED
A9: 43770 | B9: 43770 | C9: 2019 | D9: 11 | E9: CARD_PAYMENTS_TOTAL | F9: 4 Card Payments (4.1 to 4.2) | G9: B. Payment Systems | H9: II Retail | I9: Card Payments | J9: Category_Total | K9: 5942.96 | L9: 118338.93 | M9: 1991.25 | N9: c50 | O9: c51 | P9: 5942.96 | Q9: 118338.93 | R9: REPORTED
A10: 43770 | B10: 43770 | C10: 2019 | D10: 11 | E10: CCIL_FOREX_CLEARING | F10: 1.2 Forex Clearing | G10: A. Settlement Systems | H10: Financial Market Infrastructures (FMIs) | I10: Wholesale Settlement (CCIL) | J10: Component | K10: 1.74 | L10: 3525359.2 | M10: 2.0260685e+08 | N10: c12 | O10: c13 | P10: 1.74 | Q10: 3525359.16 | R10: REPORTED
A11: 43770 | B11: 43770 | C11: 2019 | D11: 11 | E11: CCIL_GSEC_OUTRIGHT | F11: 1.1.1 Outright | G11: A. Settlement Systems | H11: Financial Market Infrastructures (FMIs) | I11: Wholesale Settlement (CCIL) | J11: Component | K11: 0.63 | L11: 862103.55 | M11: 1.3684183e+08 | N11: c6 | O11: c7 | P11: 0.63 | Q11: 862103.55 | R11: REPORTED
A12: 43770 | B12: 43770 | C12: 2019 | D12: 11 | E12: CCIL_GSEC_REPO | F12: 1.1.2 Repo | G12: A. Settlement Systems | H12: Financial Market Infrastructures (FMIs) | I12: Wholesale Settlement (CCIL) | J12: Component | K12: 0.19 | L12: 2359754.7 | M12: 1.2419762e+09 | N12: c8 | O12: c9 | P12: 0.19 | Q12: 2359754.73 | R12: REPORTED
A13: 43770 | B13: 43770 | C13: 2019 | D13: 11 | E13: CCIL_GSEC_TOTAL | F13: 1.1 Govt. Securities Clearing (1.1.1 to 1.1.3) | G13: A. Settlement Systems | H13: Financial Market Infrastructures (FMIs) | I13: Wholesale Settlement (CCIL) | J13: Subtotal | K13: 1.01 | L13: 6869044.6 | M13: 6.8010342e+08 | N13: c4 | O13: c5 | P13: 1.01 | Q13: 6869044.58 | R13: REPORTED
... A24: 43770 | B24: 43770 | C24: 2019 | D24: 11 | E24: ECS_CREDIT | F24: 2.3 ECS Cr | G24: B. Payment Systems | H24: II Retail | I24: Retail Credit Transfers | J24: Component | K24: 0.17 | L24: 61.41 | M24: 36123.53 | N24: c28 | O24: c29 | P24: 0.17 | Q24: 61.41 | R24: REPORTED
A25: 43770 | B25: 43770 | C25: 2019 | D25: 11 | E25: ECS_DEBIT | F25: 3.2 ECS Dr | G25: B. Payment Systems | H25: II Retail | I25: Retail Debit Transfers | J25: Component | N25: c44 | O25: c45 | P25: - | Q25: - | R25: NOT_REPORTED
A26: 43770 | B26: 43770 | C26: 2019 | D26: 11 | E26: IMPS | F26: 2.4 IMPS | G26: B. Payment Systems | H26: II Retail | I26: Retail Credit Transfers | J26: Component | K26: 2280.75 | L26: 202903.64 | M26: 8896.36 | N26: c30 | O26: c31 | P26: 2280.75 | Q26: 202903.64 | R26: REPORTED
A27: 43770 | B27: 43770 | C27: 2019 | D27: 11 | E27: INTERNET_PAYMENTS_INTERBANK | F27: 2.2 Inter-bank @ | G27: A. Other Payment Channels | H27: II Retail | I27: Internet Banking Channels | J27: Component | K27: 2304.72 | L27: 1819547.5 | M27: 78948.74 | N27: c96 | O27: c97 | P27: 2304.72 | Q27: 1819547.47 | R27: REPORTED
A28: 43770 | B28: 43770 | C28: 2019 | D28: 11 | E28: INTERNET_PAYMENTS_INTRABANK | F28: 2.1 Intra-bank @ | G28: A. Other Payment Channels | H28: II Retail | I28: Internet Banking Channels | J28: Component | K28: 646.76 | L28: 2584753.7 | M28: 399646.49 | N28: c94 | O28: c95 | P28: 646.76 | Q28: 2584753.67 | R28: REPORTED
A29: 43770 | B29: 43770 | C29: 2019 | D29: 11 | E29: INTERNET_PAYMENTS_TOTAL | F29: 2 Internet Payments (Netbanking / Internet Browser Based) @ (2.1 to 2.2) | G29: A. Other Payment Channels | H29: II Retail | I29: Internet Banking Channels | J29: Category_Total | K29: 2951.47 | L29: 4404301.1 | M29: 149223.98 | N29: c92 | O29: c93 | P29: 2951.47 | Q29: 4404301.13 | R29: REPORTED
A30: 43770 | B30: 43770 | C30: 2019 | D30: 11 | E30: MICRO_ATM_AEPS_CASH | F30: 5.1 AePS @ | G30: B. ATMs | H30: II Retail | I30: Cash Withdrawals | J30: Component | K30: 339.83 | L30: 9648.11 | M30: 2839.1 | N30: c114 | O30: c115 | P30: 339.83 | Q30: 9648.11 | R30: REPORTED
A31: 43770 | B31: 43770 | C31: 2019 | D31: 11 | E31: MICRO_ATM_CASH_TOTAL | F31: 5 Cash Withrawal at Micro ATMs @ | G31: B. ATMs | H31: II Retail | I31: Cash Withdrawals | J31: Category_Total | K31: 339.83 | L31: 9648.11 | M31: 2839.1 | N31: c112 | O31: c113 | P31: 339.83 | Q31: 9648.11 | R31: REPORTED
A32: 43770 | B32: 43770 | C32: 2019 | D32: 11 | E32: MOBILE_PAYMENTS_INTERBANK | F32: 1.2 Inter-bank $ | G32: A. Other Payment Channels | H32: II Retail | I32: Mobile Banking Channels | J32: Component | K32: 12299.4 | L32: 374493.58 | M32: 3044.81 | N32: c90 | O32: c91 | P32: 12299.40 | Q32: 374493.58 | R32: REPORTED
A33: 43770 | B33: 43770 | C33: 2019 | D33: 11 | E33: MOBILE_PAYMENTS_INTRABANK | F33: 1.1 Intra-bank $ | G33: A. Other Payment Channels | H33: II Retail | I33: Mobile Banking Channels | J33: Component | K33: 1234.84 | L33: 96801.74 | M33: 7839.21 | N33: c88 | O33: c89 | P33: 1234.84 | Q33: 96801.74 | R33: REPORTED
A34: 43770 | B34: 43770 | C34: 2019 | D34: 11 | E34: MOBILE_PAYMENTS_TOTAL | F34: 1 Mobile Payments (mobile app based) (1.1 to 1.2) | G34: A. Other Payment Channels | H34: II Retail | I34: Mobile Banking Channels | J34: Category_Total | K34: 13534.23 | L34: 471295.32 | M34: 3482.25 | N34: c86 | O34: c87 | P34: 13534.23 | Q34: 471295.32 | R34: REPORTED
A35: 43770 | B35: 43770 | C35: 2019 | D35: 11 | E35: NACH_CREDIT | F35: 2.5 NACH Cr $ | G35: B. Payment Systems | H35: II Retail | I35: Retail Credit Transfers | J35: Component | K35: 706.05 | L35: 90940.69 | M35: 12880.21 | N35: c32 | O35: c33 | P35: 706.05 | Q35: 90940.69 | R35: REPORTED
A36: 43770 | B36: 43770 | C36: 2019 | D36: 11 | E36: NACH_DEBIT | F36: 3.3 NACH Dr $ | G36: B. Payment Systems | H36: II Retail | I36: Retail Debit Transfers | J36: Component | K36: 522.31 | L36: 52792.19 | M36: 10107.44 | N36: c46 | O36: c47 | P36: 522.31 | Q36: 52792.19 | R36: REPORTED
A37: 43770 | B37: 43770 | C37: 2019 | D37: 11 | E37: NEFT | F37: 2.6 NEFT | G37: B. Payment Systems | H37: II Retail | I37: Retail Credit Transfers | J37: Component | K37: 2194.59 | L37: 1734651.2 | M37: 79042.16 | N37: c34 | O37: c35 | P37: 2194.59 | Q37: 1734651.23 | R37: REPORTED
... A81: 43800 | B81: 43800 | C81: 2019 | D81: 12 | E81: ECS_CREDIT | F81: 2.3 ECS Cr | G81: B. Payment Systems | H81: II Retail | I81: Retail Credit Transfers | J81: Component | K81: 0.1 | L81: 53.35 | M81: 53350 | N81: c28 | O81: c29 | P81: 0.10 | Q81: 53.35 | R81: REPORTED
A82: 43800 | B82: 43800 | C82: 2019 | D82: 12 | E82: ECS_DEBIT | F82: 3.2 ECS Dr | G82: B. Payment Systems | H82: II Retail | I82: Retail Debit Transfers | J82: Component | N82: c44 | O82: c45 | P82: - | Q82: - | R82: NOT_REPORTED
A83: 43800 | B83: 43800 | C83: 2019 | D83: 12 | E83: IMPS | F83: 2.4 IMPS | G83: B. Payment Systems | H83: II Retail | I83: Retail Credit Transfers | J83: Component | K83: 2564.67 | L83: 210934.23 | M83: 8224.61 | N83: c30 | O83: c31 | P83: 2564.67 | Q83: 210934.23 | R83: REPORTED
A84: 43800 | B84: 43800 | C84: 2019 | D84: 12 | E84: INTERNET_PAYMENTS_INTERBANK | F84: 2.2 Inter-bank @ | G84: A. Other Payment Channels | H84: II Retail | I84: Internet Banking Channels | J84: Component | K84: 2299.45 | L84: 2024156.9 | M84: 88027.87 | N84: c96 | O84: c97 | P84: 2299.45 | Q84: 2024156.94 | R84: REPORTED
A85: 43800 | B85: 43800 | C85: 2019 | D85: 12 | E85: INTERNET_PAYMENTS_INTRABANK | F85: 2.1 Intra-bank @ | G85: A. Other Payment Channels | H85: II Retail | I85: Internet Banking Channels | J85: Component | K85: 694.78 | L85: 3510638.1 | M85: 505287.73 | N85: c94 | O85: c95 | P85: 694.78 | Q85: 3510638.11 | R85: REPORTED
A86: 43800 | B86: 43800 | C86: 2019 | D86: 12 | E86: INTERNET_PAYMENTS_TOTAL | F86: 2 Internet Payments (Netbanking / Internet Browser Based) @ (2.1 to 2.2) | G86: A. Other Payment Channels | H86: II Retail | I86: Internet Banking Channels | J86: Category_Total | K86: 2994.23 | L86: 5534795 | M86: 184848.69 | N86: c92 | O86: c93 | P86: 2994.23 | Q86: 5534795.05 | R86: REPORTED
A87: 43800 | B87: 43800 | C87: 2019 | D87: 12 | E87: MICRO_ATM_AEPS_CASH | F87: 5.1 AePS @ | G87: B. ATMs | H87: II Retail | I87: Cash Withdrawals | J87: Component | K87: 326.35 | L87: 9162.81 | M87: 2807.66 | N87: c114 | O87: c115 | P87: 326.35 | Q87: 9162.81 | R87: REPORTED
A88: 43800 | B88: 43800 | C88: 2019 | D88: 12 | E88: MICRO_ATM_CASH_TOTAL | F88: 5 Cash Withrawal at Micro ATMs @ | G88: B. ATMs | H88: II Retail | I88: Cash Withdrawals | J88: Category_Total | K88: 326.35 | L88: 9162.81 | M88: 2807.66 | N88: c112 | O88: c113 | P88: 326.35 | Q88: 9162.81 | R88: REPORTED
A89: 43800 | B89: 43800 | C89: 2019 | D89: 12 | E89: MOBILE_PAYMENTS_INTERBANK | F89: 1.2 Inter-bank $ | G89: A. Other Payment Channels | H89: II Retail | I89: Mobile Banking Channels | J89: Component | K89: 13041.49 | L89: 391663.33 | M89: 3003.21 | N89: c90 | O89: c91 | P89: 13041.49 | Q89: 391663.33 | R89: REPORTED
A90: 43800 | B90: 43800 | C90: 2019 | D90: 12 | E90: MOBILE_PAYMENTS_INTRABANK | F90: 1.1 Intra-bank $ | G90: A. Other Payment Channels | H90: II Retail | I90: Mobile Banking Channels | J90: Component | K90: 1280.66 | L90: 101678.83 | M90: 7939.56 | N90: c88 | O90: c89 | P90: 1280.66 | Q90: 101678.83 | R90: REPORTED
A91: 43800 | B91: 43800 | C91: 2019 | D91: 12 | E91: MOBILE_PAYMENTS_TOTAL | F91: 1 Mobile Payments (mobile app based) (1.1 to 1.2) | G91: A. Other Payment Channels | H91: II Retail | I91: Mobile Banking Channels | J91: Category_Total | K91: 14322.15 | L91: 493342.16 | M91: 3444.61 | N91: c86 | O91: c87 | P91: 14322.15 | Q91: 493342.16 | R91: REPORTED
A92: 43800 | B92: 43800 | C92: 2019 | D92: 12 | E92: NACH_CREDIT | F92: 2.5 NACH Cr $ | G92: B. Payment Systems | H92: II Retail | I92: Retail Credit Transfers | J92: Component | K92: 659.48 | L92: 78362.31 | M92: 11882.44 | N92: c32 | O92: c33 | P92: 659.48 | Q92: 78362.31 | R92: REPORTED
A93: 43800 | B93: 43800 | C93: 2019 | D93: 12 | E93: NACH_DEBIT | F93: 3.3 NACH Dr $ | G93: B. Payment Systems | H93: II Retail | I93: Retail Debit Transfers | J93: Component | K93: 531.45 | L93: 54171.42 | M93: 10193.14 | N93: c46 | O93: c47 | P93: 531.45 | Q93: 54171.42 | R93: REPORTED
A94: 43800 | B94: 43800 | C94: 2019 | D94: 12 | E94: NEFT | F94: 2.6 NEFT | G94: B. Payment Systems | H94: II Retail | I94: Retail Credit Transfers | J94: Component | K94: 2336.88 | L94: 1942230.7 | M94: 83112.13 | N94: c34 | O94: c35 | P94: 2336.88 | Q94: 1942230.71 | R94: REPORTED
... A138: 43831 | B138: 43831 | C138: 2020 | D138: 1 | E138: ECS_CREDIT | F138: 2.3 ECS Cr | G138: B. Payment Systems | H138: II Retail | I138: Retail Credit Transfers | J138: Component | K138: 0.09 | L138: 43.49 | M138: 48322.22 | N138: c28 | O138: c29 | P138: 0.09 | Q138: 43.49 | R138: REPORTED
A139: 43831 | B139: 43831 | C139: 2020 | D139: 1 | E139: ECS_DEBIT | F139: 3.2 ECS Dr | G139: B. Payment Systems | H139: II Retail | I139: Retail Debit Transfers | J139: Component | N139: c44 | O139: c45 | P139: - | Q139: - | R139: NOT_REPORTED
A140: 43831 | B140: 43831 | C140: 2020 | D140: 1 | E140: IMPS | F140: 2.4 IMPS | G140: B. Payment Systems | H140: II Retail | I140: Retail Credit Transfers | J140: Component | K140: 2595.26 | L140: 216810.7 | M140: 8354.1 | N140: c30 | O140: c31 | P140: 2595.26 | Q140: 216810.70 | R140: REPORTED
A141: 43831 | B141: 43831 | C141: 2020 | D141: 1 | E141: INTERNET_PAYMENTS_INTERBANK | F141: 2.2 Inter-bank @ | G141: A. Other Payment Channels | H141: II Retail | I141: Internet Banking Channels | J141: Component | K141: 2338.81 | L141: 1901913 | M141: 81319.69 | N141: c96 | O141: c97 | P141: 2338.81 | Q141: 1901912.99 | R141: REPORTED
A142: 43831 | B142: 43831 | C142: 2020 | D142: 1 | E142: INTERNET_PAYMENTS_INTRABANK | F142: 2.1 Intra-bank @ | G142: A. Other Payment Channels | H142: II Retail | I142: Internet Banking Channels | J142: Component | K142: 684.97 | L142: 3668888.9 | M142: 535627.67 | N142: c94 | O142: c95 | P142: 684.97 | Q142: 3668888.87 | R142: REPORTED
A143: 43831 | B143: 43831 | C143: 2020 | D143: 1 | E143: INTERNET_PAYMENTS_TOTAL | F143: 2 Internet Payments (Netbanking / Internet Browser Based) @ (2.1 to 2.2) | G143: A. Other Payment Channels | H143: II Retail | I143: Internet Banking Channels | J143: Category_Total | K143: 3023.78 | L143: 5570801.9 | M143: 184233.04 | N143: c92 | O143: c93 | P143: 3023.78 | Q143: 5570801.86 | R143: REPORTED
A144: 43831 | B144: 43831 | C144: 2020 | D144: 1 | E144: MICRO_ATM_AEPS_CASH | F144: 5.1 AePS @ | G144: B. ATMs | H144: II Retail | I144: Cash Withdrawals | J144: Component | K144: 400.78 | L144: 11108.98 | M144: 2771.84 | N144: c114 | O144: c115 | P144: 400.78 | Q144: 11108.98 | R144: REPORTED
A145: 43831 | B145: 43831 | C145: 2020 | D145: 1 | E145: MICRO_ATM_CASH_TOTAL | F145: 5 Cash Withrawal at Micro ATMs @ | G145: B. ATMs | H145: II Retail | I145: Cash Withdrawals | J145: Category_Total | K145: 400.78 | L145: 11108.98 | M145: 2771.84 | N145: c112 | O145: c113 | P145: 400.78 | Q145: 11108.98 | R145: REPORTED
A146: 43831 | B146: 43831 | C146: 2020 | D146: 1 | E146: MOBILE_PAYMENTS_INTERBANK | F146: 1.2 Inter-bank $ | G146: A. Other Payment Channels | H146: II Retail | I146: Mobile Banking Channels | J146: Component | K146: 13098.24 | L146: 413719.55 | M146: 3158.59 | N146: c90 | O146: c91 | P146: 13098.24 | Q146: 413719.55 | R146: REPORTED
A147: 43831 | B147: 43831 | C147: 2020 | D147: 1 | E147: MOBILE_PAYMENTS_INTRABANK | F147: 1.1 Intra-bank $ | G147: A. Other Payment Channels | H147: II Retail | I147: Mobile Banking Channels | J147: Component | K147: 1304.45 | L147: 107648.28 | M147: 8252.39 | N147: c88 | O147: c89 | P147: 1304.45 | Q147: 107648.28 | R147: REPORTED
A148: 43831 | B148: 43831 | C148: 2020 | D148: 1 | E148: MOBILE_PAYMENTS_TOTAL | F148: 1 Mobile Payments (mobile app based) (1.1 to 1.2) | G148: A. Other Payment Channels | H148: II Retail | I148: Mobile Banking Channels | J148: Category_Total | K148: 14402.7 | L148: 521367.84 | M148: 3619.93 | N148: c86 | O148: c87 | P148: 14402.70 | Q148: 521367.84 | R148: REPORTED
A149: 43831 | B149: 43831 | C149: 2020 | D149: 1 | E149: NACH_CREDIT | F149: 2.5 NACH Cr $ | G149: B. Payment Systems | H149: II Retail | I149: Retail Credit Transfers | J149: Component | K149: 1407.61 | L149: 81543.79 | M149: 5793.07 | N149: c32 | O149: c33 | P149: 1407.61 | Q149: 81543.79 | R149: REPORTED
A150: 43831 | B150: 43831 | C150: 2020 | D150: 1 | E150: NACH_DEBIT | F150: 3.3 NACH Dr $ | G150: B. Payment Systems | H150: II Retail | I150: Retail Debit Transfers | J150: Component | K150: 536.08 | L150: 55107.96 | M150: 10279.8 | N150: c46 | O150: c47 | P150: 536.08 | Q150: 55107.96 | R150: REPORTED
A151: 43831 | B151: 43831 | C151: 2020 | D151: 1 | E151: NEFT | F151: 2.6 NEFT | G151: B. Payment Systems | H151: II Retail | I151: Retail Credit Transfers | J151: Component | K151: 2605.55 | L151: 1929463.5 | M151: 74052.06 | N151: c34 | O151: c35 | P151: 2605.55 | Q151: 1929463.51 | R151: REPORTED
... A194: 43862 | B194: 43862 | C194: 2020 | D194: 2 | E194: DEBIT_TRANSFERS_TOTAL | F194: 3 Debit Transfers and Direct Debits (3.1 to 3.4) | G194: B. Payment Systems | H194: II Retail | I194: Retail Debit Transfers | J194: Category_Total | K194: 577.38 | L194: 55214.55 | M194: 9562.95 | N194: c40 | O194: c41 | P194: 577.38 | Q194: 55214.55 | R194: REPORTED
A195: 43862 | B195: 43862 | C195: 2020 | D195: 2 | E195: ECS_CREDIT | F195: 2.3 ECS Cr | G195: B. Payment Systems | H195: II Retail | I195: Retail Credit Transfers | J195: Component | K195: 0 | L195: 0 | N195: c28 | O195: c29 | P195: 0.00 | Q195: 0.00 | R195: REPORTED
A196: 43862 | B196: 43862 | C196: 2020 | D196: 2 | E196: ECS_DEBIT | F196: 3.2 ECS Dr | G196: B. Payment Systems | H196: II Retail | I196: Retail Debit Transfers | J196: Component | N196: c44 | O196: c45 | P196: - | Q196: - | R196: POST_DEPRECATION_NA | S196: Electronic Clearing Service (ECS) merged into NACH w.e.f. Jan 31, 2020 (RBI Footnote 2).
A197: 43862 | B197: 43862 | C197: 2020 | D197: 2 | E197: IMPS | F197: 2.4 IMPS | G197: B. Payment Systems | H197: II Retail | I197: Retail Credit Transfers | J197: Component | K197: 2477.98 | L197: 214565.66 | M197: 8658.89 | N197: c30 | O197: c31 | P197: 2477.98 | Q197: 214565.66 | R197: REPORTED
A198: 43862 | B198: 43862 | C198: 2020 | D198: 2 | E198: INTERNET_PAYMENTS_INTERBANK | F198: 2.2 Inter-bank @ | G198: A. Other Payment Channels | H198: II Retail | I198: Internet Banking Channels | J198: Component | K198: 2402.09 | L198: 1916703.9 | M198: 79793.18 | N198: c96 | O198: c97 | P198: 2402.09 | Q198: 1916703.94 | R198: REPORTED
A199: 43862 | B199: 43862 | C199: 2020 | D199: 2 | E199: INTERNET_PAYMENTS_INTRABANK | F199: 2.1 Intra-bank @ | G199: A. Other Payment Channels | H199: II Retail | I199: Internet Banking Channels | J199: Component | K199: 726.37 | L199: 2938100.3 | M199: 404490.87 | N199: c94 | O199: c95 | P199: 726.37 | Q199: 2938100.30 | R199: REPORTED
A200: 43862 | B200: 43862 | C200: 2020 | D200: 2 | E200: INTERNET_PAYMENTS_TOTAL | F200: 2 Internet Payments (Netbanking / Internet Browser Based) @ (2.1 to 2.2) | G200: A. Other Payment Channels | H200: II Retail | I200: Internet Banking Channels | J200: Category_Total | K200: 3128.46 | L200: 4854804.2 | M200: 155181.92 | N200: c92 | O200: c93 | P200: 3128.46 | Q200: 4854804.25 | R200: REPORTED
A201: 43862 | B201: 43862 | C201: 2020 | D201: 2 | E201: MICRO_ATM_AEPS_CASH | F201: 5.1 AePS @ | G201: B. ATMs | H201: II Retail | I201: Cash Withdrawals | J201: Component | K201: 386.44 | L201: 11200.9 | M201: 2898.48 | N201: c114 | O201: c115 | P201: 386.44 | Q201: 11200.90 | R201: REPORTED
A202: 43862 | B202: 43862 | C202: 2020 | D202: 2 | E202: MICRO_ATM_CASH_TOTAL | F202: 5 Cash Withrawal at Micro ATMs @ | G202: B. ATMs | H202: II Retail | I202: Cash Withdrawals | J202: Category_Total | K202: 386.44 | L202: 11200.9 | M202: 2898.48 | N202: c112 | O202: c113 | P202: 386.44 | Q202: 11200.90 | R202: REPORTED
A203: 43862 | B203: 43862 | C203: 2020 | D203: 2 | E203: MOBILE_PAYMENTS_INTERBANK | F203: 1.2 Inter-bank $ | G203: A. Other Payment Channels | H203: II Retail | I203: Mobile Banking Channels | J203: Component | K203: 12979.75 | L203: 417512.72 | M203: 3216.65 | N203: c90 | O203: c91 | P203: 12979.75 | Q203: 417512.72 | R203: REPORTED
A204: 43862 | B204: 43862 | C204: 2020 | D204: 2 | E204: MOBILE_PAYMENTS_INTRABANK | F204: 1.1 Intra-bank $ | G204: A. Other Payment Channels | H204: II Retail | I204: Mobile Banking Channels | J204: Component | K204: 1304.52 | L204: 108332.45 | M204: 8304.39 | N204: c88 | O204: c89 | P204: 1304.52 | Q204: 108332.45 | R204: REPORTED
A205: 43862 | B205: 43862 | C205: 2020 | D205: 2 | E205: MOBILE_PAYMENTS_TOTAL | F205: 1 Mobile Payments (mobile app based) (1.1 to 1.2) | G205: A. Other Payment Channels | H205: II Retail | I205: Mobile Banking Channels | J205: Category_Total | K205: 14284.28 | L205: 525845.17 | M205: 3681.29 | N205: c86 | O205: c87 | P205: 14284.28 | Q205: 525845.17 | R205: REPORTED
A206: 43862 | B206: 43862 | C206: 2020 | D206: 2 | E206: NACH_CREDIT | F206: 2.5 NACH Cr $ | G206: B. Payment Systems | H206: II Retail | I206: Retail Credit Transfers | J206: Component | K206: 753.52 | L206: 78709.88 | M206: 10445.63 | N206: c32 | O206: c33 | P206: 753.52 | Q206: 78709.88 | R206: REPORTED
A207: 43862 | B207: 43862 | C207: 2020 | D207: 2 | E207: NACH_DEBIT | F207: 3.3 NACH Dr $ | G207: B. Payment Systems | H207: II Retail | I207: Retail Debit Transfers | J207: Component | K207: 540.99 | L207: 55012.95 | M207: 10168.94 | N207: c46 | O207: c47 | P207: 540.99 | Q207: 55012.95 | R207: REPORTED
A208: 43862 | B208: 43862 | C208: 2020 | D208: 2 | E208: NEFT | F208: 2.6 NEFT | G208: B. Payment Systems | H208: II Retail | I208: Retail Credit Transfers | J208: Component | K208: 2483.57 | L208: 1870493.6 | M208: 75314.71 | N208: c34 | O208: c35 | P208: 2483.57 | Q208: 1870493.56 | R208: REPORTED
... A251: 43891 | B251: 43891 | C251: 2020 | D251: 3 | E251: DEBIT_TRANSFERS_TOTAL | F251: 3 Debit Transfers and Direct Debits (3.1 to 3.4) | G251: B. Payment Systems | H251: II Retail | I251: Retail Debit Transfers | J251: Category_Total | K251: 282.97 | L251: 34268.89 | M251: 12110.43 | N251: c40 | O251: c41 | P251: 282.97 | Q251: 34268.89 | R251: REPORTED
A252: 43891 | B252: 43891 | C252: 2020 | D252: 3 | E252: ECS_CREDIT | F252: 2.3 ECS Cr | G252: B. Payment Systems | H252: II Retail | I252: Retail Credit Transfers | J252: Component | K252: 0 | L252: 0.1 | N252: c28 | O252: c29 | P252: 0.00 | Q252: 0.10 | R252: REPORTED
A253: 43891 | B253: 43891 | C253: 2020 | D253: 3 | E253: ECS_DEBIT | F253: 3.2 ECS Dr | G253: B. Payment Systems | H253: II Retail | I253: Retail Debit Transfers | J253: Component | L253: 0.1 | N253: c44 | O253: c45 | P253: - | Q253: 0.10 | R253: POST_DEPRECATION_NA | S253: Electronic Clearing Service (ECS) merged into NACH w.e.f. Jan 31, 2020 (RBI Footnote 2).
A254: 43891 | B254: 43891 | C254: 2020 | D254: 3 | E254: IMPS | F254: 2.4 IMPS | G254: B. Payment Systems | H254: II Retail | I254: Retail Credit Transfers | J254: Component | K254: 2168.23 | L254: 201961.7 | M254: 9314.59 | N254: c30 | O254: c31 | P254: 2168.23 | Q254: 201961.70 | R254: REPORTED
A255: 43891 | B255: 43891 | C255: 2020 | D255: 3 | E255: INTERNET_PAYMENTS_INTERBANK | F255: 2.2 Inter-bank @ | G255: A. Other Payment Channels | H255: II Retail | I255: Internet Banking Channels | J255: Component | K255: 2157.3 | L255: 2224561.9 | M255: 103117.87 | N255: c96 | O255: c97 | P255: 2157.30 | Q255: 2224561.85 | R255: REPORTED
A256: 43891 | B256: 43891 | C256: 2020 | D256: 3 | E256: INTERNET_PAYMENTS_INTRABANK | F256: 2.1 Intra-bank @ | G256: A. Other Payment Channels | H256: II Retail | I256: Internet Banking Channels | J256: Component | K256: 650.37 | L256: 3952899.6 | M256: 607792.43 | N256: c94 | O256: c95 | P256: 650.37 | Q256: 3952899.63 | R256: REPORTED
A257: 43891 | B257: 43891 | C257: 2020 | D257: 3 | E257: INTERNET_PAYMENTS_TOTAL | F257: 2 Internet Payments (Netbanking / Internet Browser Based) @ (2.1 to 2.2) | G257: A. Other Payment Channels | H257: II Retail | I257: Internet Banking Channels | J257: Category_Total | K257: 2807.67 | L257: 6177461.5 | M257: 220020.92 | N257: c92 | O257: c93 | P257: 2807.67 | Q257: 6177461.48 | R257: REPORTED
A258: 43891 | B258: 43891 | C258: 2020 | D258: 3 | E258: MICRO_ATM_AEPS_CASH | F258: 5.1 AePS @ | G258: B. ATMs | H258: II Retail | I258: Cash Withdrawals | J258: Component | K258: 344.98 | L258: 9993.25 | M258: 2896.76 | N258: c114 | O258: c115 | P258: 344.98 | Q258: 9993.25 | R258: REPORTED
A259: 43891 | B259: 43891 | C259: 2020 | D259: 3 | E259: MICRO_ATM_CASH_TOTAL | F259: 5 Cash Withrawal at Micro ATMs @ | G259: B. ATMs | H259: II Retail | I259: Cash Withdrawals | J259: Category_Total | K259: 344.98 | L259: 9993.25 | M259: 2896.76 | N259: c112 | O259: c113 | P259: 344.98 | Q259: 9993.25 | R259: REPORTED
A260: 43891 | B260: 43891 | C260: 2020 | D260: 3 | E260: MOBILE_PAYMENTS_INTERBANK | F260: 1.2 Inter-bank $ | G260: A. Other Payment Channels | H260: II Retail | I260: Mobile Banking Channels | J260: Component | K260: 12543.06 | L260: 410574.7 | M260: 3273.32 | N260: c90 | O260: c91 | P260: 12543.06 | Q260: 410574.70 | R260: REPORTED
A261: 43891 | B261: 43891 | C261: 2020 | D261: 3 | E261: MOBILE_PAYMENTS_INTRABANK | F261: 1.1 Intra-bank $ | G261: A. Other Payment Channels | H261: II Retail | I261: Mobile Banking Channels | J261: Component | K261: 1287.27 | L261: 109624.42 | M261: 8516.04 | N261: c88 | O261: c89 | P261: 1287.27 | Q261: 109624.42 | R261: REPORTED
A262: 43891 | B262: 43891 | C262: 2020 | D262: 3 | E262: MOBILE_PAYMENTS_TOTAL | F262: 1 Mobile Payments (mobile app based) (1.1 to 1.2) | G262: A. Other Payment Channels | H262: II Retail | I262: Mobile Banking Channels | J262: Category_Total | K262: 13830.33 | L262: 520199.11 | M262: 3761.29 | N262: c86 | O262: c87 | P262: 13830.33 | Q262: 520199.11 | R262: REPORTED
A263: 43891 | B263: 43891 | C263: 2020 | D263: 3 | E263: NACH_CREDIT | F263: 2.5 NACH Cr $ | G263: B. Payment Systems | H263: II Retail | I263: Retail Credit Transfers | J263: Component | K263: 1134.79 | L263: 129113.44 | M263: 11377.74 | N263: c32 | O263: c33 | P263: 1134.79 | Q263: 129113.44 | R263: REPORTED
A264: 43891 | B264: 43891 | C264: 2020 | D264: 3 | E264: NACH_DEBIT | F264: 3.3 NACH Dr $ | G264: B. Payment Systems | H264: II Retail | I264: Retail Debit Transfers | J264: Component | K264: 256.21 | L264: 34094.7 | M264: 13307.33 | N264: c46 | O264: c47 | P264: 256.21 | Q264: 34094.70 | R264: REPORTED
A265: 43891 | B265: 43891 | C265: 2020 | D265: 3 | E265: NEFT | F265: 2.6 NEFT | G265: B. Payment Systems | H265: II Retail | I265: Retail Credit Transfers | J265: Component | K265: 2623.7 | L265: 2283664.6 | M265: 87039.85 | N265: c34 | O265: c35 | P265: 2623.70 | Q265: 2283664.64 | R265: REPORTED
... A308: 43922 | B308: 43922 | C308: 2020 | D308: 4 | E308: DEBIT_TRANSFERS_TOTAL | F308: 3 Debit Transfers and Direct Debits (3.1 to 3.4) | G308: B. Payment Systems | H308: II Retail | I308: Retail Debit Transfers | J308: Category_Total | K308: 691.42 | L308: 56028.52 | M308: 8103.4 | N308: c40 | O308: c41 | P308: 691.42 | Q308: 56028.52 | R308: REPORTED
A309: 43922 | B309: 43922 | C309: 2020 | D309: 4 | E309: ECS_CREDIT | F309: 2.3 ECS Cr | G309: B. Payment Systems | H309: II Retail | I309: Retail Credit Transfers | J309: Component | K309: 0 | L309: 0 | N309: c28 | O309: c29 | P309: 0.00 | Q309: 0.00 | R309: REPORTED
A310: 43922 | B310: 43922 | C310: 2020 | D310: 4 | E310: ECS_DEBIT | F310: 3.2 ECS Dr | G310: B. Payment Systems | H310: II Retail | I310: Retail Debit Transfers | J310: Component | N310: c44 | O310: c45 | P310: - | Q310: - | R310: POST_DEPRECATION_NA | S310: Electronic Clearing Service (ECS) merged into NACH w.e.f. Jan 31, 2020 (RBI Footnote 2).
A311: 43922 | B311: 43922 | C311: 2020 | D311: 4 | E311: IMPS | F311: 2.4 IMPS | G311: B. Payment Systems | H311: II Retail | I311: Retail Credit Transfers | J311: Component | K311: 1224.75 | L311: 121140.79 | M311: 9891.06 | N311: c30 | O311: c31 | P311: 1224.75 | Q311: 121140.79 | R311: REPORTED
A312: 43922 | B312: 43922 | C312: 2020 | D312: 4 | E312: INTERNET_PAYMENTS_INTERBANK | F312: 2.2 Inter-bank @ | G312: A. Other Payment Channels | H312: II Retail | I312: Internet Banking Channels | J312: Component | K312: 1340.82 | L312: 1345305.5 | M312: 100334.53 | N312: c96 | O312: c97 | P312: 1340.82 | Q312: 1345305.46 | R312: REPORTED
A313: 43922 | B313: 43922 | C313: 2020 | D313: 4 | E313: INTERNET_PAYMENTS_INTRABANK | F313: 2.1 Intra-bank @ | G313: A. Other Payment Channels | H313: II Retail | I313: Internet Banking Channels | J313: Component | K313: 385.68 | L313: 3081555.1 | M313: 798992.71 | N313: c94 | O313: c95 | P313: 385.68 | Q313: 3081555.10 | R313: REPORTED
A314: 43922 | B314: 43922 | C314: 2020 | D314: 4 | E314: INTERNET_PAYMENTS_TOTAL | F314: 2 Internet Payments (Netbanking / Internet Browser Based) @ (2.1 to 2.2) | G314: A. Other Payment Channels | H314: II Retail | I314: Internet Banking Channels | J314: Category_Total | K314: 1726.5 | L314: 4426860.6 | M314: 256406.64 | N314: c92 | O314: c93 | P314: 1726.50 | Q314: 4426860.56 | R314: REPORTED
A315: 43922 | B315: 43922 | C315: 2020 | D315: 4 | E315: MICRO_ATM_AEPS_CASH | F315: 5.1 AePS @ | G315: B. ATMs | H315: II Retail | I315: Cash Withdrawals | J315: Component | K315: 875.54 | L315: 14462.23 | M315: 1651.81 | N315: c114 | O315: c115 | P315: 875.54 | Q315: 14462.23 | R315: REPORTED
A316: 43922 | B316: 43922 | C316: 2020 | D316: 4 | E316: MICRO_ATM_CASH_TOTAL | F316: 5 Cash Withrawal at Micro ATMs @ | G316: B. ATMs | H316: II Retail | I316: Cash Withdrawals | J316: Category_Total | K316: 875.54 | L316: 14462.23 | M316: 1651.81 | N316: c112 | O316: c113 | P316: 875.54 | Q316: 14462.23 | R316: REPORTED
A317: 43922 | B317: 43922 | C317: 2020 | D317: 4 | E317: MOBILE_PAYMENTS_INTERBANK | F317: 1.2 Inter-bank $ | G317: A. Other Payment Channels | H317: II Retail | I317: Mobile Banking Channels | J317: Component | K317: 10254.33 | L317: 291610.96 | M317: 2843.78 | N317: c90 | O317: c91 | P317: 10254.33 | Q317: 291610.96 | R317: REPORTED
A318: 43922 | B318: 43922 | C318: 2020 | D318: 4 | E318: MOBILE_PAYMENTS_INTRABANK | F318: 1.1 Intra-bank $ | G318: A. Other Payment Channels | H318: II Retail | I318: Mobile Banking Channels | J318: Component | K318: 1064.77 | L318: 73416.29 | M318: 6895.04 | N318: c88 | O318: c89 | P318: 1064.77 | Q318: 73416.29 | R318: REPORTED
A319: 43922 | B319: 43922 | C319: 2020 | D319: 4 | E319: MOBILE_PAYMENTS_TOTAL | F319: 1 Mobile Payments (mobile app based) (1.1 to 1.2) | G319: A. Other Payment Channels | H319: II Retail | I319: Mobile Banking Channels | J319: Category_Total | K319: 11319.1 | L319: 365027.25 | M319: 3224.88 | N319: c86 | O319: c87 | P319: 11319.10 | Q319: 365027.25 | R319: REPORTED
A320: 43922 | B320: 43922 | C320: 2020 | D320: 4 | E320: NACH_CREDIT | F320: 2.5 NACH Cr $ | G320: B. Payment Systems | H320: II Retail | I320: Retail Credit Transfers | J320: Component | K320: 2657.38 | L320: 90089.32 | M320: 3390.16 | N320: c32 | O320: c33 | P320: 2657.38 | Q320: 90089.32 | R320: REPORTED
A321: 43922 | B321: 43922 | C321: 2020 | D321: 4 | E321: NACH_DEBIT | F321: 3.3 NACH Dr $ | G321: B. Payment Systems | H321: II Retail | I321: Retail Debit Transfers | J321: Component | K321: 667.06 | L321: 55804.72 | M321: 8365.77 | N321: c46 | O321: c47 | P321: 667.06 | Q321: 55804.72 | R321: REPORTED
A322: 43922 | B322: 43922 | C322: 2020 | D322: 4 | E322: NEFT | F322: 2.6 NEFT | G322: B. Payment Systems | H322: II Retail | I322: Retail Credit Transfers | J322: Component | K322: 1759.79 | L322: 1306406.4 | M322: 74236.49 | N322: c34 | O322: c35 | P322: 1759.79 | Q322: 1306406.41 | R322: REPORTED
...

Sheet PAYFLOW Dashboard
A1: PAYFLOW | Digital Payments Intelligence
A2: RBI Payment System Indicators • Coverage: November 2019 – July 2026
A3: Latest available month: July 2026 (partial year). 2026 is partial through July. UPI QR value indicator c141 is anomalous and excluded from reliable payment-value analysis; it is not used in this dashboard.
A5: LATEST-MONTH VOLUME (LAKH) | C5: LATEST-MONTH VALUE (₹ CRORE) | E5: UPI SHARE OF VOLUME | G5: MOM VOLUME GROWTH | I5: INFRA INDICATORS TRACKED
A6: =SUMIFS('Transaction Data'!$K$2:$K$4618,'Transaction Data'!$A$2:$A$4618,MAX('Transaction Data'!$A$2:$A$4618),'Transaction Data'!$E$2:$E$4618,"TOTAL_DIGITAL_PAYMENTS") -> 271816.8 | C6: =SUMIFS('Transaction Data'!$L$2:$L$4618,'Transaction Data'!$A$2:$A$4618,MAX('Transaction Data'!$A$2:$A$4618),'Transaction Data'!$E$2:$E$4618,"RTGS_TOTAL")+SUMIFS('Transaction Data'!$L$2:$L$4618,'Transaction Data'!$A$2:$A$4618,MAX('Transaction Data'!$A$2:$A$4618),'Transaction Data'!$E$2:$E$4618,"RETAIL_CREDIT_TRANSFERS_TOTAL")+SUMIFS('Transaction Data'!$L$2:$L$4618,'Transaction Data'!$A$2:$A$4618,MAX('Transaction Data'!$A$2:$A$4618),'Transaction Data'!$E$2:$E$4618,"DEBIT_TRANSFERS_TOTAL")+SUMIFS('Transaction Data'!$L$2:$L$4618,'Transaction Data'!$A$2:$A$4618,MAX('Transaction Data'!$A$2:$A$4618),'Transaction Data'!$E$2:$E$4618,"CARD_PAYMENTS_TOTAL")+SUMIFS('Transaction Data'!$L$2:$L$4618,'Transaction Data'!$A$2:$A$4618,MAX('Transaction Data'!$A$2:$A$4618),'Transaction Data'!$E$2:$E$4618,"PPI_TOTAL") -> 31436327 | E6: =SUMIFS('Transaction Data'!$K$2:$K$4618,'Transaction Data'!$A$2:$A$4618,MAX('Transaction Data'!$A$2:$A$4618),'Transaction Data'!$E$2:$E$4618,"UPI")/A6 -> 0.87037862 | G6: =A6/SUMIFS('Transaction Data'!$K$2:$K$4618,'Transaction Data'!$A$2:$A$4618,EDATE(MAX('Transaction Data'!$A$2:$A$4618),-1),'Transaction Data'!$E$2:$E$4618,"TOTAL_DIGITAL_PAYMENTS")-1 -> 0.038614191 | I6: {=SUMPRODUCT(('Infrastructure Data'!$E$2:$E$1054<>"")/COUNTIF('Infrastructure Data'!$E$2:$E$1054,'Infrastructure Data'!$E$2:$E$1054))} -> 13
A9: BUSINESS SIGNALS | JULY 2026
A10: ="UPI accounts for "&TEXT(E6,"0.0%")&" of July transaction volume, indicating a strongly UPI-led mix." -> UPI accounts for 87.0% of July transaction volume, indicating a strongly UPI-led mix.
A11: ="RTGS contributed "&TEXT(SUMIFS('Transaction Data'!$L$2:$L$4618,'Transaction Data'!$A$2:$A$4618,MAX('Transaction Data'!$A$2:$A$4618),'Transaction Data'!$E$2:$E$4618,"RTGS_TOTAL")/C6,"0.0%")&" of July transaction value." -> RTGS contributed 71.0% of July transaction value.
A12: ="Transaction volume grew "&TEXT(A6/SUMIFS('Transaction Data'!$K$2:$K$4618,'Transaction Data'!$A$2:$A$4618,EDATE(MAX('Transaction Data'!$A$2:$A$4618),-12),'Transaction Data'!$E$2:$E$4618,"TOTAL_DIGITAL_PAYMENTS")-1,"0.0%")&" year over year." -> Transaction volume grew 19.4% year over year.
A54: CHART SOURCE DATA — MONTHLY TOTALS | G54: LATEST-MONTH CATEGORY MIX — VOLUME
A55: Month | B55: Transaction volume (lakh) | D55: Month | E55: Transaction value (₹ crore) | G55: Official payment category | H55: Volume (lakh)
A56: =MIN('Transaction Data'!$A$2:$A$4618) -> 43770 | B56: =SUMIFS('Transaction Data'!$K$2:$K$4618,'Transaction Data'!$A$2:$A$4618,$A56,'Transaction Data'!$E$2:$E$4618,"TOTAL_DIGITAL_PAYMENTS") -> 29978.63 | D56: =A56 -> 43770 | E56: =SUMIFS('Transaction Data'!$L$2:$L$4618,'Transaction Data'!$A$2:$A$4618,$D56,'Transaction Data'!$E$2:$E$4618,"RTGS_TOTAL")+SUMIFS('Transaction Data'!$L$2:$L$4618,'Transaction Data'!$A$2:$A$4618,$D56,'Transaction Data'!$E$2:$E$4618,"RETAIL_CREDIT_TRANSFERS_TOTAL")+SUMIFS('Transaction Data'!$L$2:$L$4618,'Transaction Data'!$A$2:$A$4618,$D56,'Transaction Data'!$E$2:$E$4618,"DEBIT_TRANSFERS_TOTAL")+SUMIFS('Transaction Data'!$L$2:$L$4618,'Transaction Data'!$A$2:$A$4618,$D56,'Transaction Data'!$E$2:$E$4618,"CARD_PAYMENTS_TOTAL")+SUMIFS('Transaction Data'!$L$2:$L$4618,'Transaction Data'!$A$2:$A$4618,$D56,'Transaction Data'!$E$2:$E$4618,"PPI_TOTAL") -> 11092669 | G56: RTGS | H56: =SUMIFS('Transaction Data'!$K$2:$K$4618,'Transaction Data'!$A$2:$A$4618,MAX('Transaction Data'!$A$2:$A$4618),'Transaction Data'!$E$2:$E$4618,"RTGS_TOTAL") -> 333.1
A57: =EDATE(A56,1) -> 43800 | B57: =SUMIFS('Transaction Data'!$K$2:$K$4618,'Transaction Data'!$A$2:$A$4618,$A57,'Transaction Data'!$E$2:$E$4618,"TOTAL_DIGITAL_PAYMENTS") -> 32256.54 | D57: =A57 -> 43800 | E57: =SUMIFS('Transaction Data'!$L$2:$L$4618,'Transaction Data'!$A$2:$A$4618,$D57,'Transaction Data'!$E$2:$E$4618,"RTGS_TOTAL")+SUMIFS('Transaction Data'!$L$2:$L$4618,'Transaction Data'!$A$2:$A$4618,$D57,'Transaction Data'!$E$2:$E$4618,"RETAIL_CREDIT_TRANSFERS_TOTAL")+SUMIFS('Transaction Data'!$L$2:$L$4618,'Transaction Data'!$A$2:$A$4618,$D57,'Transaction Data'!$E$2:$E$4618,"DEBIT_TRANSFERS_TOTAL")+SUMIFS('Transaction Data'!$L$2:$L$4618,'Transaction Data'!$A$2:$A$4618,$D57,'Transaction Data'!$E$2:$E$4618,"CARD_PAYMENTS_TOTAL")+SUMIFS('Transaction Data'!$L$2:$L$4618,'Transaction Data'!$A$2:$A$4618,$D57,'Transaction Data'!$E$2:$E$4618,"PPI_TOTAL") -> 12958789 | G57: Retail credit transfers | H57: =SUMIFS('Transaction Data'!$K$2:$K$4618,'Transaction Data'!$A$2:$A$4618,MAX('Transaction Data'!$A$2:$A$4618),'Transaction Data'!$E$2:$E$4618,"RETAIL_CREDIT_TRANSFERS_TOTAL") -> 253061.29
A58: =EDATE(A57,1) -> 43831 | B58: =SUMIFS('Transaction Data'!$K$2:$K$4618,'Transaction Data'!$A$2:$A$4618,$A58,'Transaction Data'!$E$2:$E$4618,"TOTAL_DIGITAL_PAYMENTS") -> 33631.79 | D58: =A58 -> 43831 | E58: =SUMIFS('Transaction Data'!$L$2:$L$4618,'Transaction Data'!$A$2:$A$4618,$D58,'Transaction Data'!$E$2:$E$4618,"RTGS_TOTAL")+SUMIFS('Transaction Data'!$L$2:$L$4618,'Transaction Data'!$A$2:$A$4618,$D58,'Transaction Data'!$E$2:$E$4618,"RETAIL_CREDIT_TRANSFERS_TOTAL")+SUMIFS('Transaction Data'!$L$2:$L$4618,'Transaction Data'!$A$2:$A$4618,$D58,'Transaction Data'!$E$2:$E$4618,"DEBIT_TRANSFERS_TOTAL")+SUMIFS('Transaction Data'!$L$2:$L$4618,'Transaction Data'!$A$2:$A$4618,$D58,'Transaction Data'!$E$2:$E$4618,"CARD_PAYMENTS_TOTAL")+SUMIFS('Transaction Data'!$L$2:$L$4618,'Transaction Data'!$A$2:$A$4618,$D58,'Transaction Data'!$E$2:$E$4618,"PPI_TOTAL") -> 12537396 | G58: Retail debit transfers | H58: =SUMIFS('Transaction Data'!$K$2:$K$4618,'Transaction Data'!$A$2:$A$4618,MAX('Transaction Data'!$A$2:$A$4618),'Transaction Data'!$E$2:$E$4618,"DEBIT_TRANSFERS_TOTAL") -> 2100.53
A59: =EDATE(A58,1) -> 43862 | B59: =SUMIFS('Transaction Data'!$K$2:$K$4618,'Transaction Data'!$A$2:$A$4618,$A59,'Transaction Data'!$E$2:$E$4618,"TOTAL_DIGITAL_PAYMENTS") -> 32895.25 | D59: =A59 -> 43862 | E59: =SUMIFS('Transaction Data'!$L$2:$L$4618,'Transaction Data'!$A$2:$A$4618,$D59,'Transaction Data'!$E$2:$E$4618,"RTGS_TOTAL")+SUMIFS('Transaction Data'!$L$2:$L$4618,'Transaction Data'!$A$2:$A$4618,$D59,'Transaction Data'!$E$2:$E$4618,"RETAIL_CREDIT_TRANSFERS_TOTAL")+SUMIFS('Transaction Data'!$L$2:$L$4618,'Transaction Data'!$A$2:$A$4618,$D59,'Transaction Data'!$E$2:$E$4618,"DEBIT_TRANSFERS_TOTAL")+SUMIFS('Transaction Data'!$L$2:$L$4618,'Transaction Data'!$A$2:$A$4618,$D59,'Transaction Data'!$E$2:$E$4618,"CARD_PAYMENTS_TOTAL")+SUMIFS('Transaction Data'!$L$2:$L$4618,'Transaction Data'!$A$2:$A$4618,$D59,'Transaction Data'!$E$2:$E$4618,"PPI_TOTAL") -> 11578729 | G59: Card payments | H59: =SUMIFS('Transaction Data'!$K$2:$K$4618,'Transaction Data'!$A$2:$A$4618,MAX('Transaction Data'!$A$2:$A$4618),'Transaction Data'!$E$2:$E$4618,"CARD_PAYMENTS_TOTAL") -> 7068.23
A60: =EDATE(A59,1) -> 43891 | B60: =SUMIFS('Transaction Data'!$K$2:$K$4618,'Transaction Data'!$A$2:$A$4618,$A60,'Transaction Data'!$E$2:$E$4618,"TOTAL_DIGITAL_PAYMENTS") -> 29266.86 | D60: =A60 -> 43891 | E60: =SUMIFS('Transaction Data'!$L$2:$L$4618,'Transaction Data'!$A$2:$A$4618,$D60,'Transaction Data'!$E$2:$E$4618,"RTGS_TOTAL")+SUMIFS('Transaction Data'!$L$2:$L$4618,'Transaction Data'!$A$2:$A$4618,$D60,'Transaction Data'!$E$2:$E$4618,"RETAIL_CREDIT_TRANSFERS_TOTAL")+SUMIFS('Transaction Data'!$L$2:$L$4618,'Transaction Data'!$A$2:$A$4618,$D60,'Transaction Data'!$E$2:$E$4618,"DEBIT_TRANSFERS_TOTAL")+SUMIFS('Transaction Data'!$L$2:$L$4618,'Transaction Data'!$A$2:$A$4618,$D60,'Transaction Data'!$E$2:$E$4618,"CARD_PAYMENTS_TOTAL")+SUMIFS('Transaction Data'!$L$2:$L$4618,'Transaction Data'!$A$2:$A$4618,$D60,'Transaction Data'!$E$2:$E$4618,"PPI_TOTAL") -> 15024754 | G60: Prepaid instruments | H60: =SUMIFS('Transaction Data'!$K$2:$K$4618,'Transaction Data'!$A$2:$A$4618,MAX('Transaction Data'!$A$2:$A$4618),'Transaction Data'!$E$2:$E$4618,"PPI_TOTAL") -> 9253.65
A61: =EDATE(A60,1) -> 43922 | B61: =SUMIFS('Transaction Data'!$K$2:$K$4618,'Transaction Data'!$A$2:$A$4618,$A61,'Transaction Data'!$E$2:$E$4618,"TOTAL_DIGITAL_PAYMENTS") -> 23604.69 | D61: =A61 -> 43922 | E61: =SUMIFS('Transaction Data'!$L$2:$L$4618,'Transaction Data'!$A$2:$A$4618,$D61,'Transaction Data'!$E$2:$E$4618,"RTGS_TOTAL")+SUMIFS('Transaction Data'!$L$2:$L$4618,'Transaction Data'!$A$2:$A$4618,$D61,'Transaction Data'!$E$2:$E$4618,"RETAIL_CREDIT_TRANSFERS_TOTAL")+SUMIFS('Transaction Data'!$L$2:$L$4618,'Transaction Data'!$A$2:$A$4618,$D61,'Transaction Data'!$E$2:$E$4618,"DEBIT_TRANSFERS_TOTAL")+SUMIFS('Transaction Data'!$L$2:$L$4618,'Transaction Data'!$A$2:$A$4618,$D61,'Transaction Data'!$E$2:$E$4618,"CARD_PAYMENTS_TOTAL")+SUMIFS('Transaction Data'!$L$2:$L$4618,'Transaction Data'!$A$2:$A$4618,$D61,'Transaction Data'!$E$2:$E$4618,"PPI_TOTAL") -> 8241148.3
A62: =EDATE(A61,1) -> 43952 | B62: =SUMIFS('Transaction Data'!$K$2:$K$4618,'Transaction Data'!$A$2:$A$4618,$A62,'Transaction Data'!$E$2:$E$4618,"TOTAL_DIGITAL_PAYMENTS") -> 25574.53 | D62: =A62 -> 43952 | E62: =SUMIFS('Transaction Data'!$L$2:$L$4618,'Transaction Data'!$A$2:$A$4618,$D62,'Transaction Data'!$E$2:$E$4618,"RTGS_TOTAL")+SUMIFS('Transaction Data'!$L$2:$L$4618,'Transaction Data'!$A$2:$A$4618,$D62,'Transaction Data'!$E$2:$E$4618,"RETAIL_CREDIT_TRANSFERS_TOTAL")+SUMIFS('Transaction Data'!$L$2:$L$4618,'Transaction Data'!$A$2:$A$4618,$D62,'Transaction Data'!$E$2:$E$4618,"DEBIT_TRANSFERS_TOTAL")+SUMIFS('Transaction Data'!$L$2:$L$4618,'Transaction Data'!$A$2:$A$4618,$D62,'Transaction Data'!$E$2:$E$4618,"CARD_PAYMENTS_TOTAL")+SUMIFS('Transaction Data'!$L$2:$L$4618,'Transaction Data'!$A$2:$A$4618,$D62,'Transaction Data'!$E$2:$E$4618,"PPI_TOTAL") -> 9193905.8
A63: =EDATE(A62,1) -> 43983 | B63: =SUMIFS('Transaction Data'!$K$2:$K$4618,'Transaction Data'!$A$2:$A$4618,$A63,'Transaction Data'!$E$2:$E$4618,"TOTAL_DIGITAL_PAYMENTS") -> 29095.98 | D63: =A63 -> 43983 | E63: =SUMIFS('Transaction Data'!$L$2:$L$4618,'Transaction Data'!$A$2:$A$4618,$D63,'Transaction Data'!$E$2:$E$4618,"RTGS_TOTAL")+SUMIFS('Transaction Data'!$L$2:$L$4618,'Transaction Data'!$A$2:$A$4618,$D63,'Transaction Data'!$E$2:$E$4618,"RETAIL_CREDIT_TRANSFERS_TOTAL")+SUMIFS('Transaction Data'!$L$2:$L$4618,'Transaction Data'!$A$2:$A$4618,$D63,'Transaction Data'!$E$2:$E$4618,"DEBIT_TRANSFERS_TOTAL")+SUMIFS('Transaction Data'!$L$2:$L$4618,'Transaction Data'!$A$2:$A$4618,$D63,'Transaction Data'!$E$2:$E$4618,"CARD_PAYMENTS_TOTAL")+SUMIFS('Transaction Data'!$L$2:$L$4618,'Transaction Data'!$A$2:$A$4618,$D63,'Transaction Data'!$E$2:$E$4618,"PPI_TOTAL") -> 11327129
A64: =EDATE(A63,1) -> 44013 | B64: =SUMIFS('Transaction Data'!$K$2:$K$4618,'Transaction Data'!$A$2:$A$4618,$A64,'Transaction Data'!$E$2:$E$4618,"TOTAL_DIGITAL_PAYMENTS") -> 31281.92 | D64: =A64 -> 44013 | E64: =SUMIFS('Transaction Data'!$L$2:$L$4618,'Transaction Data'!$A$2:$A$4618,$D64,'Transaction Data'!$E$2:$E$4618,"RTGS_TOTAL")+SUMIFS('Transaction Data'!$L$2:$L$4618,'Transaction Data'!$A$2:$A$4618,$D64,'Transaction Data'!$E$2:$E$4618,"RETAIL_CREDIT_TRANSFERS_TOTAL")+SUMIFS('Transaction Data'!$L$2:$L$4618,'Transaction Data'!$A$2:$A$4618,$D64,'Transaction Data'!$E$2:$E$4618,"DEBIT_TRANSFERS_TOTAL")+SUMIFS('Transaction Data'!$L$2:$L$4618,'Transaction Data'!$A$2:$A$4618,$D64,'Transaction Data'!$E$2:$E$4618,"CARD_PAYMENTS_TOTAL")+SUMIFS('Transaction Data'!$L$2:$L$4618,'Transaction Data'!$A$2:$A$4618,$D64,'Transaction Data'!$E$2:$E$4618,"PPI_TOTAL") -> 11102447
A65: =EDATE(A64,1) -> 44044 | B65: =SUMIFS('Transaction Data'!$K$2:$K$4618,'Transaction Data'!$A$2:$A$4618,$A65,'Transaction Data'!$E$2:$E$4618,"TOTAL_DIGITAL_PAYMENTS") -> 34660.18 | D65: =A65 -> 44044 | E65: =SUMIFS('Transaction Data'!$L$2:$L$4618,'Transaction Data'!$A$2:$A$4618,$D65,'Transaction Data'!$E$2:$E$4618,"RTGS_TOTAL")+SUMIFS('Transaction Data'!$L$2:$L$4618,'Transaction Data'!$A$2:$A$4618,$D65,'Transaction Data'!$E$2:$E$4618,"RETAIL_CREDIT_TRANSFERS_TOTAL")+SUMIFS('Transaction Data'!$L$2:$L$4618,'Transaction Data'!$A$2:$A$4618,$D65,'Transaction Data'!$E$2:$E$4618,"DEBIT_TRANSFERS_TOTAL")+SUMIFS('Transaction Data'!$L$2:$L$4618,'Transaction Data'!$A$2:$A$4618,$D65,'Transaction Data'!$E$2:$E$4618,"CARD_PAYMENTS_TOTAL")+SUMIFS('Transaction Data'!$L$2:$L$4618,'Transaction Data'!$A$2:$A$4618,$D65,'Transaction Data'!$E$2:$E$4618,"PPI_TOTAL") -> 10037558
A66: =EDATE(A65,1) -> 44075 | B66: =SUMIFS('Transaction Data'!$K$2:$K$4618,'Transaction Data'!$A$2:$A$4618,$A66,'Transaction Data'!$E$2:$E$4618,"TOTAL_DIGITAL_PAYMENTS") -> 36183.72 | D66: =A66 -> 44075 | E66: =SUMIFS('Transaction Data'!$L$2:$L$4618,'Transaction Data'!$A$2:$A$4618,$D66,'Transaction Data'!$E$2:$E$4618,"RTGS_TOTAL")+SUMIFS('Transaction Data'!$L$2:$L$4618,'Transaction Data'!$A$2:$A$4618,$D66,'Transaction Data'!$E$2:$E$4618,"RETAIL_CREDIT_TRANSFERS_TOTAL")+SUMIFS('Transaction Data'!$L$2:$L$4618,'Transaction Data'!$A$2:$A$4618,$D66,'Transaction Data'!$E$2:$E$4618,"DEBIT_TRANSFERS_TOTAL")+SUMIFS('Transaction Data'!$L$2:$L$4618,'Transaction Data'!$A$2:$A$4618,$D66,'Transaction Data'!$E$2:$E$4618,"CARD_PAYMENTS_TOTAL")+SUMIFS('Transaction Data'!$L$2:$L$4618,'Transaction Data'!$A$2:$A$4618,$D66,'Transaction Data'!$E$2:$E$4618,"PPI_TOTAL") -> 12508222
A67: =EDATE(A66,1) -> 44105 | B67: =SUMIFS('Transaction Data'!$K$2:$K$4618,'Transaction Data'!$A$2:$A$4618,$A67,'Transaction Data'!$E$2:$E$4618,"TOTAL_DIGITAL_PAYMENTS") -> 39946.9 | D67: =A67 -> 44105 | E67: =SUMIFS('Transaction Data'!$L$2:$L$4618,'Transaction Data'!$A$2:$A$4618,$D67,'Transaction Data'!$E$2:$E$4618,"RTGS_TOTAL")+SUMIFS('Transaction Data'!$L$2:$L$4618,'Transaction Data'!$A$2:$A$4618,$D67,'Transaction Data'!$E$2:$E$4618,"RETAIL_CREDIT_TRANSFERS_TOTAL")+SUMIFS('Transaction Data'!$L$2:$L$4618,'Transaction Data'!$A$2:$A$4618,$D67,'Transaction Data'!$E$2:$E$4618,"DEBIT_TRANSFERS_TOTAL")+SUMIFS('Transaction Data'!$L$2:$L$4618,'Transaction Data'!$A$2:$A$4618,$D67,'Transaction Data'!$E$2:$E$4618,"CARD_PAYMENTS_TOTAL")+SUMIFS('Transaction Data'!$L$2:$L$4618,'Transaction Data'!$A$2:$A$4618,$D67,'Transaction Data'!$E$2:$E$4618,"PPI_TOTAL") -> 11720220
A68: =EDATE(A67,1) -> 44136 | B68: =SUMIFS('Transaction Data'!$K$2:$K$4618,'Transaction Data'!$A$2:$A$4618,$A68,'Transaction Data'!$E$2:$E$4618,"TOTAL_DIGITAL_PAYMENTS") -> 40974.58 | D68: =A68 -> 44136 | E68: =SUMIFS('Transaction Data'!$L$2:$L$4618,'Transaction Data'!$A$2:$A$4618,$D68,'Transaction Data'!$E$2:$E$4618,"RTGS_TOTAL")+SUMIFS('Transaction Data'!$L$2:$L$4618,'Transaction Data'!$A$2:$A$4618,$D68,'Transaction Data'!$E$2:$E$4618,"RETAIL_CREDIT_TRANSFERS_TOTAL")+SUMIFS('Transaction Data'!$L$2:$L$4618,'Transaction Data'!$A$2:$A$4618,$D68,'Transaction Data'!$E$2:$E$4618,"DEBIT_TRANSFERS_TOTAL")+SUMIFS('Transaction Data'!$L$2:$L$4618,'Transaction Data'!$A$2:$A$4618,$D68,'Transaction Data'!$E$2:$E$4618,"CARD_PAYMENTS_TOTAL")+SUMIFS('Transaction Data'!$L$2:$L$4618,'Transaction Data'!$A$2:$A$4618,$D68,'Transaction Data'!$E$2:$E$4618,"PPI_TOTAL") -> 11199706
A69: =EDATE(A68,1) -> 44166 | B69: =SUMIFS('Transaction Data'!$K$2:$K$4618,'Transaction Data'!$A$2:$A$4618,$A69,'Transaction Data'!$E$2:$E$4618,"TOTAL_DIGITAL_PAYMENTS") -> 42662.25 | D69: =A69 -> 44166 | E69: =SUMIFS('Transaction Data'!$L$2:$L$4618,'Transaction Data'!$A$2:$A$4618,$D69,'Transaction Data'!$E$2:$E$4618,"RTGS_TOTAL")+SUMIFS('Transaction Data'!$L$2:$L$4618,'Transaction Data'!$A$2:$A$4618,$D69,'Transaction Data'!$E$2:$E$4618,"RETAIL_CREDIT_TRANSFERS_TOTAL")+SUMIFS('Transaction Data'!$L$2:$L$4618,'Transaction Data'!$A$2:$A$4618,$D69,'Transaction Data'!$E$2:$E$4618,"DEBIT_TRANSFERS_TOTAL")+SUMIFS('Transaction Data'!$L$2:$L$4618,'Transaction Data'!$A$2:$A$4618,$D69,'Transaction Data'!$E$2:$E$4618,"CARD_PAYMENTS_TOTAL")+SUMIFS('Transaction Data'!$L$2:$L$4618,'Transaction Data'!$A$2:$A$4618,$D69,'Transaction Data'!$E$2:$E$4618,"PPI_TOTAL") -> 14281201
A70: =EDATE(A69,1) -> 44197 | B70: =SUMIFS('Transaction Data'!$K$2:$K$4618,'Transaction Data'!$A$2:$A$4618,$A70,'Transaction Data'!$E$2:$E$4618,"TOTAL_DIGITAL_PAYMENTS") -> 42623.4 | D70: =A70 -> 44197 | E70: =SUMIFS('Transaction Data'!$L$2:$L$4618,'Transaction Data'!$A$2:$A$4618,$D70,'Transaction Data'!$E$2:$E$4618,"RTGS_TOTAL")+SUMIFS('Transaction Data'!$L$2:$L$4618,'Transaction Data'!$A$2:$A$4618,$D70,'Transaction Data'!$E$2:$E$4618,"RETAIL_CREDIT_TRANSFERS_TOTAL")+SUMIFS('Transaction Data'!$L$2:$L$4618,'Transaction Data'!$A$2:$A$4618,$D70,'Transaction Data'!$E$2:$E$4618,"DEBIT_TRANSFERS_TOTAL")+SUMIFS('Transaction Data'!$L$2:$L$4618,'Transaction Data'!$A$2:$A$4618,$D70,'Transaction Data'!$E$2:$E$4618,"CARD_PAYMENTS_TOTAL")+SUMIFS('Transaction Data'!$L$2:$L$4618,'Transaction Data'!$A$2:$A$4618,$D70,'Transaction Data'!$E$2:$E$4618,"PPI_TOTAL") -> 12387618
A71: =EDATE(A70,1) -> 44228 | B71: =SUMIFS('Transaction Data'!$K$2:$K$4618,'Transaction Data'!$A$2:$A$4618,$A71,'Transaction Data'!$E$2:$E$4618,"TOTAL_DIGITAL_PAYMENTS") -> 41205.73 | D71: =A71 -> 44228 | E71: =SUMIFS('Transaction Data'!$L$2:$L$4618,'Transaction Data'!$A$2:$A$4618,$D71,'Transaction Data'!$E$2:$E$4618,"RTGS_TOTAL")+SUMIFS('Transaction Data'!$L$2:$L$4618,'Transaction Data'!$A$2:$A$4618,$D71,'Transaction Data'!$E$2:$E$4618,"RETAIL_CREDIT_TRANSFERS_TOTAL")+SUMIFS('Transaction Data'!$L$2:$L$4618,'Transaction Data'!$A$2:$A$4618,$D71,'Transaction Data'!$E$2:$E$4618,"DEBIT_TRANSFERS_TOTAL")+SUMIFS('Transaction Data'!$L$2:$L$4618,'Transaction Data'!$A$2:$A$4618,$D71,'Transaction Data'!$E$2:$E$4618,"CARD_PAYMENTS_TOTAL")+SUMIFS('Transaction Data'!$L$2:$L$4618,'Transaction Data'!$A$2:$A$4618,$D71,'Transaction Data'!$E$2:$E$4618,"PPI_TOTAL") -> 12175716
A72: =EDATE(A71,1) -> 44256 | B72: =SUMIFS('Transaction Data'!$K$2:$K$4618,'Transaction Data'!$A$2:$A$4618,$A72,'Transaction Data'!$E$2:$E$4618,"TOTAL_DIGITAL_PAYMENTS") -> 49254.6 | D72: =A72 -> 44256 | E72: =SUMIFS('Transaction Data'!$L$2:$L$4618,'Transaction Data'!$A$2:$A$4618,$D72,'Transaction Data'!$E$2:$E$4618,"RTGS_TOTAL")+SUMIFS('Transaction Data'!$L$2:$L$4618,'Transaction Data'!$A$2:$A$4618,$D72,'Transaction Data'!$E$2:$E$4618,"RETAIL_CREDIT_TRANSFERS_TOTAL")+SUMIFS('Transaction Data'!$L$2:$L$4618,'Transaction Data'!$A$2:$A$4618,$D72,'Transaction Data'!$E$2:$E$4618,"DEBIT_TRANSFERS_TOTAL")+SUMIFS('Transaction Data'!$L$2:$L$4618,'Transaction Data'!$A$2:$A$4618,$D72,'Transaction Data'!$E$2:$E$4618,"CARD_PAYMENTS_TOTAL")+SUMIFS('Transaction Data'!$L$2:$L$4618,'Transaction Data'!$A$2:$A$4618,$D72,'Transaction Data'!$E$2:$E$4618,"PPI_TOTAL") -> 17283617
... A136: =EDATE(A135,1) -> 46204 | B136: =SUMIFS('Transaction Data'!$K$2:$K$4618,'Transaction Data'!$A$2:$A$4618,$A136,'Transaction Data'!$E$2:$E$4618,"TOTAL_DIGITAL_PAYMENTS") -> 271816.8 | D136: =A136 -> 46204 | E136: =SUMIFS('Transaction Data'!$L$2:$L$4618,'Transaction Data'!$A$2:$A$4618,$D136,'Transaction Data'!$E$2:$E$4618,"RTGS_TOTAL")+SUMIFS('Transaction Data'!$L$2:$L$4618,'Transaction Data'!$A$2:$A$4618,$D136,'Transaction Data'!$E$2:$E$4618,"RETAIL_CREDIT_TRANSFERS_TOTAL")+SUMIFS('Transaction Data'!$L$2:$L$4618,'Transaction Data'!$A$2:$A$4618,$D136,'Transaction Data'!$E$2:$E$4618,"DEBIT_TRANSFERS_TOTAL")+SUMIFS('Transaction Data'!$L$2:$L$4618,'Transaction Data'!$A$2:$A$4618,$D136,'Transaction Data'!$E$2:$E$4618,"CARD_PAYMENTS_TOTAL")+SUMIFS('Transaction Data'!$L$2:$L$4618,'Transaction Data'!$A$2:$A$4618,$D136,'Transaction Data'!$E$2:$E$4618,"PPI_TOTAL") -> 31436327

Sheet Payment Trends
A1: Payment Trends & Growth
A2: PAYFLOW | RBI Payment System Indicators | November 2019 – July 2026
A3: Coverage: November 2019–July 2026; July 2026 is the latest available month and 2026 is partial. Payment-value series sum only the five official category totals and exclude anomalous UPI QR value indicator c141.
A5: KEY TRENDS
A6: ="Latest-month volume is "&TEXT(SUM(B137:F137)/SUMIFS('Transaction Data'!$K$2:$K$4618,'Transaction Data'!$A$2:$A$4618,EDATE(MAX('Transaction Data'!$A$2:$A$4618),-12),'Transaction Data'!$E$2:$E$4618,"TOTAL_DIGITAL_PAYMENTS")-1,"0.0%")&" above July 2025." -> Latest-month volume is 19.4% above July 2025.
A7: ="Retail credit transfers represented "&TEXT(C137/SUM(B137:F137),"0.0%")&" of July 2026 volume, the largest official category." -> Retail credit transfers represented 93.1% of July 2026 volume, the largest official category.
A8: ="Total payment volume increased "&TEXT(P137,"0.0%")&" month over month in July 2026." -> Total payment volume increased 3.9% month over month in July 2026.
A56: Month | B56: RTGS | C56: Retail credit transfers | D56: Retail debit transfers | E56: Card payments | F56: Prepaid instruments | H56: Month | I56: RTGS | J56: Retail credit transfers | K56: Retail debit transfers | L56: Card payments | M56: Prepaid instruments | O56: Month | P56: Total volume MoM growth
A57: =MIN('Transaction Data'!$A$2:$A$4618) -> 43770 | B57: =SUMIFS('Transaction Data'!$K$2:$K$4618,'Transaction Data'!$A$2:$A$4618,$A57,'Transaction Data'!$E$2:$E$4618,"RTGS_TOTAL") -> 133.87 | C57: =SUMIFS('Transaction Data'!$K$2:$K$4618,'Transaction Data'!$A$2:$A$4618,$A57,'Transaction Data'!$E$2:$E$4618,"RETAIL_CREDIT_TRANSFERS_TOTAL") -> 18731.18 | D57: =SUMIFS('Transaction Data'!$K$2:$K$4618,'Transaction Data'!$A$2:$A$4618,$A57,'Transaction Data'!$E$2:$E$4618,"DEBIT_TRANSFERS_TOTAL") -> 530.54 | E57: =SUMIFS('Transaction Data'!$K$2:$K$4618,'Transaction Data'!$A$2:$A$4618,$A57,'Transaction Data'!$E$2:$E$4618,"CARD_PAYMENTS_TOTAL") -> 5942.96 | F57: =SUMIFS('Transaction Data'!$K$2:$K$4618,'Transaction Data'!$A$2:$A$4618,$A57,'Transaction Data'!$E$2:$E$4618,"PPI_TOTAL") -> 4640.07 | H57: =A57 -> 43770 | I57: =SUMIFS('Transaction Data'!$L$2:$L$4618,'Transaction Data'!$A$2:$A$4618,$H57,'Transaction Data'!$E$2:$E$4618,"RTGS_TOTAL") -> 8679806.2 | J57: =SUMIFS('Transaction Data'!$L$2:$L$4618,'Transaction Data'!$A$2:$A$4618,$H57,'Transaction Data'!$E$2:$E$4618,"RETAIL_CREDIT_TRANSFERS_TOTAL") -> 2224702 | K57: =SUMIFS('Transaction Data'!$L$2:$L$4618,'Transaction Data'!$A$2:$A$4618,$H57,'Transaction Data'!$E$2:$E$4618,"DEBIT_TRANSFERS_TOTAL") -> 52894.13 | L57: =SUMIFS('Transaction Data'!$L$2:$L$4618,'Transaction Data'!$A$2:$A$4618,$H57,'Transaction Data'!$E$2:$E$4618,"CARD_PAYMENTS_TOTAL") -> 118338.93 | M57: =SUMIFS('Transaction Data'!$L$2:$L$4618,'Transaction Data'!$A$2:$A$4618,$H57,'Transaction Data'!$E$2:$E$4618,"PPI_TOTAL") -> 16927.86 | O57: =A57 -> 43770
A58: =EDATE(A57,1) -> 43800 | B58: =SUMIFS('Transaction Data'!$K$2:$K$4618,'Transaction Data'!$A$2:$A$4618,$A58,'Transaction Data'!$E$2:$E$4618,"RTGS_TOTAL") -> 136.02 | C58: =SUMIFS('Transaction Data'!$K$2:$K$4618,'Transaction Data'!$A$2:$A$4618,$A58,'Transaction Data'!$E$2:$E$4618,"RETAIL_CREDIT_TRANSFERS_TOTAL") -> 20012.78 | D58: =SUMIFS('Transaction Data'!$K$2:$K$4618,'Transaction Data'!$A$2:$A$4618,$A58,'Transaction Data'!$E$2:$E$4618,"DEBIT_TRANSFERS_TOTAL") -> 552.85 | E58: =SUMIFS('Transaction Data'!$K$2:$K$4618,'Transaction Data'!$A$2:$A$4618,$A58,'Transaction Data'!$E$2:$E$4618,"CARD_PAYMENTS_TOTAL") -> 6485.39 | F58: =SUMIFS('Transaction Data'!$K$2:$K$4618,'Transaction Data'!$A$2:$A$4618,$A58,'Transaction Data'!$E$2:$E$4618,"PPI_TOTAL") -> 5069.51 | H58: =A58 -> 43800 | I58: =SUMIFS('Transaction Data'!$L$2:$L$4618,'Transaction Data'!$A$2:$A$4618,$H58,'Transaction Data'!$E$2:$E$4618,"RTGS_TOTAL") -> 10316937 | J58: =SUMIFS('Transaction Data'!$L$2:$L$4618,'Transaction Data'!$A$2:$A$4618,$H58,'Transaction Data'!$E$2:$E$4618,"RETAIL_CREDIT_TRANSFERS_TOTAL") -> 2440121.7 | K58: =SUMIFS('Transaction Data'!$L$2:$L$4618,'Transaction Data'!$A$2:$A$4618,$H58,'Transaction Data'!$E$2:$E$4618,"DEBIT_TRANSFERS_TOTAL") -> 54320.3 | L58: =SUMIFS('Transaction Data'!$L$2:$L$4618,'Transaction Data'!$A$2:$A$4618,$H58,'Transaction Data'!$E$2:$E$4618,"CARD_PAYMENTS_TOTAL") -> 128488.21 | M58: =SUMIFS('Transaction Data'!$L$2:$L$4618,'Transaction Data'!$A$2:$A$4618,$H58,'Transaction Data'!$E$2:$E$4618,"PPI_TOTAL") -> 18922.32 | O58: =A58 -> 43800 | P58: =IFERROR(IF(SUM(B57:F57)=0,"",SUM(B58:F58)/SUM(B57:F57)-1),"") -> 0.075985152
A59: =EDATE(A58,1) -> 43831 | B59: =SUMIFS('Transaction Data'!$K$2:$K$4618,'Transaction Data'!$A$2:$A$4618,$A59,'Transaction Data'!$E$2:$E$4618,"RTGS_TOTAL") -> 137.29 | C59: =SUMIFS('Transaction Data'!$K$2:$K$4618,'Transaction Data'!$A$2:$A$4618,$A59,'Transaction Data'!$E$2:$E$4618,"RETAIL_CREDIT_TRANSFERS_TOTAL") -> 21168.29 | D59: =SUMIFS('Transaction Data'!$K$2:$K$4618,'Transaction Data'!$A$2:$A$4618,$A59,'Transaction Data'!$E$2:$E$4618,"DEBIT_TRANSFERS_TOTAL") -> 571.05 | E59: =SUMIFS('Transaction Data'!$K$2:$K$4618,'Transaction Data'!$A$2:$A$4618,$A59,'Transaction Data'!$E$2:$E$4618,"CARD_PAYMENTS_TOTAL") -> 6518.12 | F59: =SUMIFS('Transaction Data'!$K$2:$K$4618,'Transaction Data'!$A$2:$A$4618,$A59,'Transaction Data'!$E$2:$E$4618,"PPI_TOTAL") -> 5237.05 | H59: =A59 -> 43831 | I59: =SUMIFS('Transaction Data'!$L$2:$L$4618,'Transaction Data'!$A$2:$A$4618,$H59,'Transaction Data'!$E$2:$E$4618,"RTGS_TOTAL") -> 9880821.2 | J59: =SUMIFS('Transaction Data'!$L$2:$L$4618,'Transaction Data'!$A$2:$A$4618,$H59,'Transaction Data'!$E$2:$E$4618,"RETAIL_CREDIT_TRANSFERS_TOTAL") -> 2453546.4 | K59: =SUMIFS('Transaction Data'!$L$2:$L$4618,'Transaction Data'!$A$2:$A$4618,$H59,'Transaction Data'!$E$2:$E$4618,"DEBIT_TRANSFERS_TOTAL") -> 55298.1 | L59: =SUMIFS('Transaction Data'!$L$2:$L$4618,'Transaction Data'!$A$2:$A$4618,$H59,'Transaction Data'!$E$2:$E$4618,"CARD_PAYMENTS_TOTAL") -> 129444.05 | M59: =SUMIFS('Transaction Data'!$L$2:$L$4618,'Transaction Data'!$A$2:$A$4618,$H59,'Transaction Data'!$E$2:$E$4618,"PPI_TOTAL") -> 18285.86 | O59: =A59 -> 43831 | P59: =IFERROR(IF(SUM(B58:F58)=0,"",SUM(B59:F59)/SUM(B58:F58)-1),"") -> 0.042634752
A60: =EDATE(A59,1) -> 43862 | B60: =SUMIFS('Transaction Data'!$K$2:$K$4618,'Transaction Data'!$A$2:$A$4618,$A60,'Transaction Data'!$E$2:$E$4618,"RTGS_TOTAL") -> 133.15 | C60: =SUMIFS('Transaction Data'!$K$2:$K$4618,'Transaction Data'!$A$2:$A$4618,$A60,'Transaction Data'!$E$2:$E$4618,"RETAIL_CREDIT_TRANSFERS_TOTAL") -> 20370.86 | D60: =SUMIFS('Transaction Data'!$K$2:$K$4618,'Transaction Data'!$A$2:$A$4618,$A60,'Transaction Data'!$E$2:$E$4618,"DEBIT_TRANSFERS_TOTAL") -> 577.38 | E60: =SUMIFS('Transaction Data'!$K$2:$K$4618,'Transaction Data'!$A$2:$A$4618,$A60,'Transaction Data'!$E$2:$E$4618,"CARD_PAYMENTS_TOTAL") -> 6128.68 | F60: =SUMIFS('Transaction Data'!$K$2:$K$4618,'Transaction Data'!$A$2:$A$4618,$A60,'Transaction Data'!$E$2:$E$4618,"PPI_TOTAL") -> 5685.17 | H60: =A60 -> 43862 | I60: =SUMIFS('Transaction Data'!$L$2:$L$4618,'Transaction Data'!$A$2:$A$4618,$H60,'Transaction Data'!$E$2:$E$4618,"RTGS_TOTAL") -> 8990096.8 | J60: =SUMIFS('Transaction Data'!$L$2:$L$4618,'Transaction Data'!$A$2:$A$4618,$H60,'Transaction Data'!$E$2:$E$4618,"RETAIL_CREDIT_TRANSFERS_TOTAL") -> 2395194.7 | K60: =SUMIFS('Transaction Data'!$L$2:$L$4618,'Transaction Data'!$A$2:$A$4618,$H60,'Transaction Data'!$E$2:$E$4618,"DEBIT_TRANSFERS_TOTAL") -> 55214.55 | L60: =SUMIFS('Transaction Data'!$L$2:$L$4618,'Transaction Data'!$A$2:$A$4618,$H60,'Transaction Data'!$E$2:$E$4618,"CARD_PAYMENTS_TOTAL") -> 120707.85 | M60: =SUMIFS('Transaction Data'!$L$2:$L$4618,'Transaction Data'!$A$2:$A$4618,$H60,'Transaction Data'!$E$2:$E$4618,"PPI_TOTAL") -> 17514.71 | O60: =A60 -> 43862 | P60: =IFERROR(IF(SUM(B59:F59)=0,"",SUM(B60:F60)/SUM(B59:F59)-1),"") -> -0.021900701
A61: =EDATE(A60,1) -> 43891 | B61: =SUMIFS('Transaction Data'!$K$2:$K$4618,'Transaction Data'!$A$2:$A$4618,$A61,'Transaction Data'!$E$2:$E$4618,"RTGS_TOTAL") -> 118.95 | C61: =SUMIFS('Transaction Data'!$K$2:$K$4618,'Transaction Data'!$A$2:$A$4618,$A61,'Transaction Data'!$E$2:$E$4618,"RETAIL_CREDIT_TRANSFERS_TOTAL") -> 19635.4 | D61: =SUMIFS('Transaction Data'!$K$2:$K$4618,'Transaction Data'!$A$2:$A$4618,$A61,'Transaction Data'!$E$2:$E$4618,"DEBIT_TRANSFERS_TOTAL") -> 282.97 | E61: =SUMIFS('Transaction Data'!$K$2:$K$4618,'Transaction Data'!$A$2:$A$4618,$A61,'Transaction Data'!$E$2:$E$4618,"CARD_PAYMENTS_TOTAL") -> 5246.7 | F61: =SUMIFS('Transaction Data'!$K$2:$K$4618,'Transaction Data'!$A$2:$A$4618,$A61,'Transaction Data'!$E$2:$E$4618,"PPI_TOTAL") -> 3982.85 | H61: =A61 -> 43891 | I61: =SUMIFS('Transaction Data'!$L$2:$L$4618,'Transaction Data'!$A$2:$A$4618,$H61,'Transaction Data'!$E$2:$E$4618,"RTGS_TOTAL") -> 12047221 | J61: =SUMIFS('Transaction Data'!$L$2:$L$4618,'Transaction Data'!$A$2:$A$4618,$H61,'Transaction Data'!$E$2:$E$4618,"RETAIL_CREDIT_TRANSFERS_TOTAL") -> 2829140.2 | K61: =SUMIFS('Transaction Data'!$L$2:$L$4618,'Transaction Data'!$A$2:$A$4618,$H61,'Transaction Data'!$E$2:$E$4618,"DEBIT_TRANSFERS_TOTAL") -> 34268.89 | L61: =SUMIFS('Transaction Data'!$L$2:$L$4618,'Transaction Data'!$A$2:$A$4618,$H61,'Transaction Data'!$E$2:$E$4618,"CARD_PAYMENTS_TOTAL") -> 98783.1 | M61: =SUMIFS('Transaction Data'!$L$2:$L$4618,'Transaction Data'!$A$2:$A$4618,$H61,'Transaction Data'!$E$2:$E$4618,"PPI_TOTAL") -> 15340.81 | O61: =A61 -> 43891 | P61: =IFERROR(IF(SUM(B60:F60)=0,"",SUM(B61:F61)/SUM(B60:F60)-1),"") -> -0.11030076
A62: =EDATE(A61,1) -> 43922 | B62: =SUMIFS('Transaction Data'!$K$2:$K$4618,'Transaction Data'!$A$2:$A$4618,$A62,'Transaction Data'!$E$2:$E$4618,"RTGS_TOTAL") -> 54.35 | C62: =SUMIFS('Transaction Data'!$K$2:$K$4618,'Transaction Data'!$A$2:$A$4618,$A62,'Transaction Data'!$E$2:$E$4618,"RETAIL_CREDIT_TRANSFERS_TOTAL") -> 17950.71 | D62: =SUMIFS('Transaction Data'!$K$2:$K$4618,'Transaction Data'!$A$2:$A$4618,$A62,'Transaction Data'!$E$2:$E$4618,"DEBIT_TRANSFERS_TOTAL") -> 691.42 | E62: =SUMIFS('Transaction Data'!$K$2:$K$4618,'Transaction Data'!$A$2:$A$4618,$A62,'Transaction Data'!$E$2:$E$4618,"CARD_PAYMENTS_TOTAL") -> 2822.19 | F62: =SUMIFS('Transaction Data'!$K$2:$K$4618,'Transaction Data'!$A$2:$A$4618,$A62,'Transaction Data'!$E$2:$E$4618,"PPI_TOTAL") -> 2086.01 | H62: =A62 -> 43922 | I62: =SUMIFS('Transaction Data'!$L$2:$L$4618,'Transaction Data'!$A$2:$A$4618,$H62,'Transaction Data'!$E$2:$E$4618,"RTGS_TOTAL") -> 6443653.1 | J62: =SUMIFS('Transaction Data'!$L$2:$L$4618,'Transaction Data'!$A$2:$A$4618,$H62,'Transaction Data'!$E$2:$E$4618,"RETAIL_CREDIT_TRANSFERS_TOTAL") -> 1687803 | K62: =SUMIFS('Transaction Data'!$L$2:$L$4618,'Transaction Data'!$A$2:$A$4618,$H62,'Transaction Data'!$E$2:$E$4618,"DEBIT_TRANSFERS_TOTAL") -> 56028.52 | L62: =SUMIFS('Transaction Data'!$L$2:$L$4618,'Transaction Data'!$A$2:$A$4618,$H62,'Transaction Data'!$E$2:$E$4618,"CARD_PAYMENTS_TOTAL") -> 44015.25 | M62: =SUMIFS('Transaction Data'!$L$2:$L$4618,'Transaction Data'!$A$2:$A$4618,$H62,'Transaction Data'!$E$2:$E$4618,"PPI_TOTAL") -> 9648.42 | O62: =A62 -> 43922 | P62: =IFERROR(IF(SUM(B61:F61)=0,"",SUM(B62:F62)/SUM(B61:F61)-1),"") -> -0.19346756
A63: =EDATE(A62,1) -> 43952 | B63: =SUMIFS('Transaction Data'!$K$2:$K$4618,'Transaction Data'!$A$2:$A$4618,$A63,'Transaction Data'!$E$2:$E$4618,"RTGS_TOTAL") -> 90.04 | C63: =SUMIFS('Transaction Data'!$K$2:$K$4618,'Transaction Data'!$A$2:$A$4618,$A63,'Transaction Data'!$E$2:$E$4618,"RETAIL_CREDIT_TRANSFERS_TOTAL") -> 18091.87 | D63: =SUMIFS('Transaction Data'!$K$2:$K$4618,'Transaction Data'!$A$2:$A$4618,$A63,'Transaction Data'!$E$2:$E$4618,"DEBIT_TRANSFERS_TOTAL") -> 672.9 | E63: =SUMIFS('Transaction Data'!$K$2:$K$4618,'Transaction Data'!$A$2:$A$4618,$A63,'Transaction Data'!$E$2:$E$4618,"CARD_PAYMENTS_TOTAL") -> 3687.68 | F63: =SUMIFS('Transaction Data'!$K$2:$K$4618,'Transaction Data'!$A$2:$A$4618,$A63,'Transaction Data'!$E$2:$E$4618,"PPI_TOTAL") -> 3032.04 | H63: =A63 -> 43952 | I63: =SUMIFS('Transaction Data'!$L$2:$L$4618,'Transaction Data'!$A$2:$A$4618,$H63,'Transaction Data'!$E$2:$E$4618,"RTGS_TOTAL") -> 7041869.4 | J63: =SUMIFS('Transaction Data'!$L$2:$L$4618,'Transaction Data'!$A$2:$A$4618,$H63,'Transaction Data'!$E$2:$E$4618,"RETAIL_CREDIT_TRANSFERS_TOTAL") -> 2018057.2 | K63: =SUMIFS('Transaction Data'!$L$2:$L$4618,'Transaction Data'!$A$2:$A$4618,$H63,'Transaction Data'!$E$2:$E$4618,"DEBIT_TRANSFERS_TOTAL") -> 50961.89 | L63: =SUMIFS('Transaction Data'!$L$2:$L$4618,'Transaction Data'!$A$2:$A$4618,$H63,'Transaction Data'!$E$2:$E$4618,"CARD_PAYMENTS_TOTAL") -> 70208.81 | M63: =SUMIFS('Transaction Data'!$L$2:$L$4618,'Transaction Data'!$A$2:$A$4618,$H63,'Transaction Data'!$E$2:$E$4618,"PPI_TOTAL") -> 12808.5 | O63: =A63 -> 43952 | P63: =IFERROR(IF(SUM(B62:F62)=0,"",SUM(B63:F63)/SUM(B62:F62)-1),"") -> 0.083451671
A64: =EDATE(A63,1) -> 43983 | B64: =SUMIFS('Transaction Data'!$K$2:$K$4618,'Transaction Data'!$A$2:$A$4618,$A64,'Transaction Data'!$E$2:$E$4618,"RTGS_TOTAL") -> 119.68 | C64: =SUMIFS('Transaction Data'!$K$2:$K$4618,'Transaction Data'!$A$2:$A$4618,$A64,'Transaction Data'!$E$2:$E$4618,"RETAIL_CREDIT_TRANSFERS_TOTAL") -> 20341.73 | D64: =SUMIFS('Transaction Data'!$K$2:$K$4618,'Transaction Data'!$A$2:$A$4618,$A64,'Transaction Data'!$E$2:$E$4618,"DEBIT_TRANSFERS_TOTAL") -> 837.03 | E64: =SUMIFS('Transaction Data'!$K$2:$K$4618,'Transaction Data'!$A$2:$A$4618,$A64,'Transaction Data'!$E$2:$E$4618,"CARD_PAYMENTS_TOTAL") -> 4250.89 | F64: =SUMIFS('Transaction Data'!$K$2:$K$4618,'Transaction Data'!$A$2:$A$4618,$A64,'Transaction Data'!$E$2:$E$4618,"PPI_TOTAL") -> 3546.66 | H64: =A64 -> 43983 | I64: =SUMIFS('Transaction Data'!$L$2:$L$4618,'Transaction Data'!$A$2:$A$4618,$H64,'Transaction Data'!$E$2:$E$4618,"RTGS_TOTAL") -> 8651977.7 | J64: =SUMIFS('Transaction Data'!$L$2:$L$4618,'Transaction Data'!$A$2:$A$4618,$H64,'Transaction Data'!$E$2:$E$4618,"RETAIL_CREDIT_TRANSFERS_TOTAL") -> 2499470.2 | K64: =SUMIFS('Transaction Data'!$L$2:$L$4618,'Transaction Data'!$A$2:$A$4618,$H64,'Transaction Data'!$E$2:$E$4618,"DEBIT_TRANSFERS_TOTAL") -> 70703.19 | L64: =SUMIFS('Transaction Data'!$L$2:$L$4618,'Transaction Data'!$A$2:$A$4618,$H64,'Transaction Data'!$E$2:$E$4618,"CARD_PAYMENTS_TOTAL") -> 90483.87 | M64: =SUMIFS('Transaction Data'!$L$2:$L$4618,'Transaction Data'!$A$2:$A$4618,$H64,'Transaction Data'!$E$2:$E$4618,"PPI_TOTAL") -> 14494.15 | O64: =A64 -> 43983 | P64: =IFERROR(IF(SUM(B63:F63)=0,"",SUM(B64:F64)/SUM(B63:F63)-1),"") -> 0.13769403
A65: =EDATE(A64,1) -> 44013 | B65: =SUMIFS('Transaction Data'!$K$2:$K$4618,'Transaction Data'!$A$2:$A$4618,$A65,'Transaction Data'!$E$2:$E$4618,"RTGS_TOTAL") -> 124.76 | C65: =SUMIFS('Transaction Data'!$K$2:$K$4618,'Transaction Data'!$A$2:$A$4618,$A65,'Transaction Data'!$E$2:$E$4618,"RETAIL_CREDIT_TRANSFERS_TOTAL") -> 21832.43 | D65: =SUMIFS('Transaction Data'!$K$2:$K$4618,'Transaction Data'!$A$2:$A$4618,$A65,'Transaction Data'!$E$2:$E$4618,"DEBIT_TRANSFERS_TOTAL") -> 855.71 | E65: =SUMIFS('Transaction Data'!$K$2:$K$4618,'Transaction Data'!$A$2:$A$4618,$A65,'Transaction Data'!$E$2:$E$4618,"CARD_PAYMENTS_TOTAL") -> 4481.59 | F65: =SUMIFS('Transaction Data'!$K$2:$K$4618,'Transaction Data'!$A$2:$A$4618,$A65,'Transaction Data'!$E$2:$E$4618,"PPI_TOTAL") -> 3987.42 | H65: =A65 -> 44013 | I65: =SUMIFS('Transaction Data'!$L$2:$L$4618,'Transaction Data'!$A$2:$A$4618,$H65,'Transaction Data'!$E$2:$E$4618,"RTGS_TOTAL") -> 8335279 | J65: =SUMIFS('Transaction Data'!$L$2:$L$4618,'Transaction Data'!$A$2:$A$4618,$H65,'Transaction Data'!$E$2:$E$4618,"RETAIL_CREDIT_TRANSFERS_TOTAL") -> 2587407.5 | K65: =SUMIFS('Transaction Data'!$L$2:$L$4618,'Transaction Data'!$A$2:$A$4618,$H65,'Transaction Data'!$E$2:$E$4618,"DEBIT_TRANSFERS_TOTAL") -> 68355.91 | L65: =SUMIFS('Transaction Data'!$L$2:$L$4618,'Transaction Data'!$A$2:$A$4618,$H65,'Transaction Data'!$E$2:$E$4618,"CARD_PAYMENTS_TOTAL") -> 95882.98 | M65: =SUMIFS('Transaction Data'!$L$2:$L$4618,'Transaction Data'!$A$2:$A$4618,$H65,'Transaction Data'!$E$2:$E$4618,"PPI_TOTAL") -> 15521.29 | O65: =A65 -> 44013 | P65: =IFERROR(IF(SUM(B64:F64)=0,"",SUM(B65:F65)/SUM(B64:F64)-1),"") -> 0.075127878
A66: =EDATE(A65,1) -> 44044 | B66: =SUMIFS('Transaction Data'!$K$2:$K$4618,'Transaction Data'!$A$2:$A$4618,$A66,'Transaction Data'!$E$2:$E$4618,"RTGS_TOTAL") -> 116.77 | C66: =SUMIFS('Transaction Data'!$K$2:$K$4618,'Transaction Data'!$A$2:$A$4618,$A66,'Transaction Data'!$E$2:$E$4618,"RETAIL_CREDIT_TRANSFERS_TOTAL") -> 23968.19 | D66: =SUMIFS('Transaction Data'!$K$2:$K$4618,'Transaction Data'!$A$2:$A$4618,$A66,'Transaction Data'!$E$2:$E$4618,"DEBIT_TRANSFERS_TOTAL") -> 857.28 | E66: =SUMIFS('Transaction Data'!$K$2:$K$4618,'Transaction Data'!$A$2:$A$4618,$A66,'Transaction Data'!$E$2:$E$4618,"CARD_PAYMENTS_TOTAL") -> 4814.53 | F66: =SUMIFS('Transaction Data'!$K$2:$K$4618,'Transaction Data'!$A$2:$A$4618,$A66,'Transaction Data'!$E$2:$E$4618,"PPI_TOTAL") -> 4903.41 | H66: =A66 -> 44044 | I66: =SUMIFS('Transaction Data'!$L$2:$L$4618,'Transaction Data'!$A$2:$A$4618,$H66,'Transaction Data'!$E$2:$E$4618,"RTGS_TOTAL") -> 7292379.7 | J66: =SUMIFS('Transaction Data'!$L$2:$L$4618,'Transaction Data'!$A$2:$A$4618,$H66,'Transaction Data'!$E$2:$E$4618,"RETAIL_CREDIT_TRANSFERS_TOTAL") -> 2556879.4 | K66: =SUMIFS('Transaction Data'!$L$2:$L$4618,'Transaction Data'!$A$2:$A$4618,$H66,'Transaction Data'!$E$2:$E$4618,"DEBIT_TRANSFERS_TOTAL") -> 67146.35 | L66: =SUMIFS('Transaction Data'!$L$2:$L$4618,'Transaction Data'!$A$2:$A$4618,$H66,'Transaction Data'!$E$2:$E$4618,"CARD_PAYMENTS_TOTAL") -> 105081.07 | M66: =SUMIFS('Transaction Data'!$L$2:$L$4618,'Transaction Data'!$A$2:$A$4618,$H66,'Transaction Data'!$E$2:$E$4618,"PPI_TOTAL") -> 16071.78 | O66: =A66 -> 44044 | P66: =IFERROR(IF(SUM(B65:F65)=0,"",SUM(B66:F66)/SUM(B65:F65)-1),"") -> 0.10799436
A67: =EDATE(A66,1) -> 44075 | B67: =SUMIFS('Transaction Data'!$K$2:$K$4618,'Transaction Data'!$A$2:$A$4618,$A67,'Transaction Data'!$E$2:$E$4618,"RTGS_TOTAL") -> 130.11 | C67: =SUMIFS('Transaction Data'!$K$2:$K$4618,'Transaction Data'!$A$2:$A$4618,$A67,'Transaction Data'!$E$2:$E$4618,"RETAIL_CREDIT_TRANSFERS_TOTAL") -> 25506.72 | D67: =SUMIFS('Transaction Data'!$K$2:$K$4618,'Transaction Data'!$A$2:$A$4618,$A67,'Transaction Data'!$E$2:$E$4618,"DEBIT_TRANSFERS_TOTAL") -> 926.42 | E67: =SUMIFS('Transaction Data'!$K$2:$K$4618,'Transaction Data'!$A$2:$A$4618,$A67,'Transaction Data'!$E$2:$E$4618,"CARD_PAYMENTS_TOTAL") -> 4994.52 | F67: =SUMIFS('Transaction Data'!$K$2:$K$4618,'Transaction Data'!$A$2:$A$4618,$A67,'Transaction Data'!$E$2:$E$4618,"PPI_TOTAL") -> 4625.96 | H67: =A67 -> 44075 | I67: =SUMIFS('Transaction Data'!$L$2:$L$4618,'Transaction Data'!$A$2:$A$4618,$H67,'Transaction Data'!$E$2:$E$4618,"RTGS_TOTAL") -> 9489065.8 | J67: =SUMIFS('Transaction Data'!$L$2:$L$4618,'Transaction Data'!$A$2:$A$4618,$H67,'Transaction Data'!$E$2:$E$4618,"RETAIL_CREDIT_TRANSFERS_TOTAL") -> 2817733 | K67: =SUMIFS('Transaction Data'!$L$2:$L$4618,'Transaction Data'!$A$2:$A$4618,$H67,'Transaction Data'!$E$2:$E$4618,"DEBIT_TRANSFERS_TOTAL") -> 78239.96 | L67: =SUMIFS('Transaction Data'!$L$2:$L$4618,'Transaction Data'!$A$2:$A$4618,$H67,'Transaction Data'!$E$2:$E$4618,"CARD_PAYMENTS_TOTAL") -> 106500.1 | M67: =SUMIFS('Transaction Data'!$L$2:$L$4618,'Transaction Data'!$A$2:$A$4618,$H67,'Transaction Data'!$E$2:$E$4618,"PPI_TOTAL") -> 16683.31 | O67: =A67 -> 44075 | P67: =IFERROR(IF(SUM(B66:F66)=0,"",SUM(B67:F67)/SUM(B66:F66)-1),"") -> 0.043956783
A68: =EDATE(A67,1) -> 44105 | B68: =SUMIFS('Transaction Data'!$K$2:$K$4618,'Transaction Data'!$A$2:$A$4618,$A68,'Transaction Data'!$E$2:$E$4618,"RTGS_TOTAL") -> 138.22 | C68: =SUMIFS('Transaction Data'!$K$2:$K$4618,'Transaction Data'!$A$2:$A$4618,$A68,'Transaction Data'!$E$2:$E$4618,"RETAIL_CREDIT_TRANSFERS_TOTAL") -> 28646.32 | D68: =SUMIFS('Transaction Data'!$K$2:$K$4618,'Transaction Data'!$A$2:$A$4618,$A68,'Transaction Data'!$E$2:$E$4618,"DEBIT_TRANSFERS_TOTAL") -> 920.15 | E68: =SUMIFS('Transaction Data'!$K$2:$K$4618,'Transaction Data'!$A$2:$A$4618,$A68,'Transaction Data'!$E$2:$E$4618,"CARD_PAYMENTS_TOTAL") -> 5650.7 | F68: =SUMIFS('Transaction Data'!$K$2:$K$4618,'Transaction Data'!$A$2:$A$4618,$A68,'Transaction Data'!$E$2:$E$4618,"PPI_TOTAL") -> 4591.52 | H68: =A68 -> 44105 | I68: =SUMIFS('Transaction Data'!$L$2:$L$4618,'Transaction Data'!$A$2:$A$4618,$H68,'Transaction Data'!$E$2:$E$4618,"RTGS_TOTAL") -> 8496045.7 | J68: =SUMIFS('Transaction Data'!$L$2:$L$4618,'Transaction Data'!$A$2:$A$4618,$H68,'Transaction Data'!$E$2:$E$4618,"RETAIL_CREDIT_TRANSFERS_TOTAL") -> 2993166.1 | K68: =SUMIFS('Transaction Data'!$L$2:$L$4618,'Transaction Data'!$A$2:$A$4618,$H68,'Transaction Data'!$E$2:$E$4618,"DEBIT_TRANSFERS_TOTAL") -> 79305.12 | L68: =SUMIFS('Transaction Data'!$L$2:$L$4618,'Transaction Data'!$A$2:$A$4618,$H68,'Transaction Data'!$E$2:$E$4618,"CARD_PAYMENTS_TOTAL") -> 133792.5 | M68: =SUMIFS('Transaction Data'!$L$2:$L$4618,'Transaction Data'!$A$2:$A$4618,$H68,'Transaction Data'!$E$2:$E$4618,"PPI_TOTAL") -> 17910.7 | O68: =A68 -> 44105 | P68: =IFERROR(IF(SUM(B67:F67)=0,"",SUM(B68:F68)/SUM(B67:F67)-1),"") -> 0.10400199
A69: =EDATE(A68,1) -> 44136 | B69: =SUMIFS('Transaction Data'!$K$2:$K$4618,'Transaction Data'!$A$2:$A$4618,$A69,'Transaction Data'!$E$2:$E$4618,"RTGS_TOTAL") -> 137.8 | C69: =SUMIFS('Transaction Data'!$K$2:$K$4618,'Transaction Data'!$A$2:$A$4618,$A69,'Transaction Data'!$E$2:$E$4618,"RETAIL_CREDIT_TRANSFERS_TOTAL") -> 30270.13 | D69: =SUMIFS('Transaction Data'!$K$2:$K$4618,'Transaction Data'!$A$2:$A$4618,$A69,'Transaction Data'!$E$2:$E$4618,"DEBIT_TRANSFERS_TOTAL") -> 944.24 | E69: =SUMIFS('Transaction Data'!$K$2:$K$4618,'Transaction Data'!$A$2:$A$4618,$A69,'Transaction Data'!$E$2:$E$4618,"CARD_PAYMENTS_TOTAL") -> 5428.32 | F69: =SUMIFS('Transaction Data'!$K$2:$K$4618,'Transaction Data'!$A$2:$A$4618,$A69,'Transaction Data'!$E$2:$E$4618,"PPI_TOTAL") -> 4194.1 | H69: =A69 -> 44136 | I69: =SUMIFS('Transaction Data'!$L$2:$L$4618,'Transaction Data'!$A$2:$A$4618,$H69,'Transaction Data'!$E$2:$E$4618,"RTGS_TOTAL") -> 7987655.5 | J69: =SUMIFS('Transaction Data'!$L$2:$L$4618,'Transaction Data'!$A$2:$A$4618,$H69,'Transaction Data'!$E$2:$E$4618,"RETAIL_CREDIT_TRANSFERS_TOTAL") -> 2986291.7 | K69: =SUMIFS('Transaction Data'!$L$2:$L$4618,'Transaction Data'!$A$2:$A$4618,$H69,'Transaction Data'!$E$2:$E$4618,"DEBIT_TRANSFERS_TOTAL") -> 78708.76 | L69: =SUMIFS('Transaction Data'!$L$2:$L$4618,'Transaction Data'!$A$2:$A$4618,$H69,'Transaction Data'!$E$2:$E$4618,"CARD_PAYMENTS_TOTAL") -> 130238.55 | M69: =SUMIFS('Transaction Data'!$L$2:$L$4618,'Transaction Data'!$A$2:$A$4618,$H69,'Transaction Data'!$E$2:$E$4618,"PPI_TOTAL") -> 16811.1 | O69: =A69 -> 44136 | P69: =IFERROR(IF(SUM(B68:F68)=0,"",SUM(B69:F69)/SUM(B68:F68)-1),"") -> 0.025726145
... A137: =EDATE(A136,1) -> 46204 | B137: =SUMIFS('Transaction Data'!$K$2:$K$4618,'Transaction Data'!$A$2:$A$4618,$A137,'Transaction Data'!$E$2:$E$4618,"RTGS_TOTAL") -> 333.1 | C137: =SUMIFS('Transaction Data'!$K$2:$K$4618,'Transaction Data'!$A$2:$A$4618,$A137,'Transaction Data'!$E$2:$E$4618,"RETAIL_CREDIT_TRANSFERS_TOTAL") -> 253061.29 | D137: =SUMIFS('Transaction Data'!$K$2:$K$4618,'Transaction Data'!$A$2:$A$4618,$A137,'Transaction Data'!$E$2:$E$4618,"DEBIT_TRANSFERS_TOTAL") -> 2100.53 | E137: =SUMIFS('Transaction Data'!$K$2:$K$4618,'Transaction Data'!$A$2:$A$4618,$A137,'Transaction Data'!$E$2:$E$4618,"CARD_PAYMENTS_TOTAL") -> 7068.23 | F137: =SUMIFS('Transaction Data'!$K$2:$K$4618,'Transaction Data'!$A$2:$A$4618,$A137,'Transaction Data'!$E$2:$E$4618,"PPI_TOTAL") -> 9253.65 | H137: =A137 -> 46204 | I137: =SUMIFS('Transaction Data'!$L$2:$L$4618,'Transaction Data'!$A$2:$A$4618,$H137,'Transaction Data'!$E$2:$E$4618,"RTGS_TOTAL") -> 22307107 | J137: =SUMIFS('Transaction Data'!$L$2:$L$4618,'Transaction Data'!$A$2:$A$4618,$H137,'Transaction Data'!$E$2:$E$4618,"RETAIL_CREDIT_TRANSFERS_TOTAL") -> 8592159.5 | K137: =SUMIFS('Transaction Data'!$L$2:$L$4618,'Transaction Data'!$A$2:$A$4618,$H137,'Transaction Data'!$E$2:$E$4618,"DEBIT_TRANSFERS_TOTAL") -> 262335.7 | L137: =SUMIFS('Transaction Data'!$L$2:$L$4618,'Transaction Data'!$A$2:$A$4618,$H137,'Transaction Data'!$E$2:$E$4618,"CARD_PAYMENTS_TOTAL") -> 246118.16 | M137: =SUMIFS('Transaction Data'!$L$2:$L$4618,'Transaction Data'!$A$2:$A$4618,$H137,'Transaction Data'!$E$2:$E$4618,"PPI_TOTAL") -> 28606.76 | O137: =A137 -> 46204 | P137: =IFERROR(IF(SUM(B136:F136)=0,"",SUM(B137:F137)/SUM(B136:F136)-1),"") -> 0.038614191

Sheet Infrastructure Insights
A1: Payment Infrastructure Insights
A2: PAYFLOW | RBI Payment System Indicators | November 2019 – July 2026
A3: Coverage: November 2019–July 2026; July 2026 is the latest available month and 2026 is partial. UPI QR static counts use c140 only; tracking began September 2020. The c141 value field is a placeholder/anomalous displaced artifact and is excluded.
A5: INFRASTRUCTURE SIGNALS
A6: ="ATM network expanded from "&TEXT(B61,"#,##0")&" in Nov 2019 to "&TEXT(B141,"#,##0")&" in Jul 2026 (+"&TEXT(B141/B61-1,"0.0%")&")." -> ATM network expanded from 232,000 in Nov 2019 to 253,000 in Jul 2026 (+9.1%).
A7: ="POS terminals increased from "&TEXT(E61,"#,##0")&" to "&TEXT(E141,"#,##0")&" (+"&TEXT(E141/E61-1,"0.0%")&") over the reporting period." -> POS terminals increased from 4,128,000 to 10,028,000 (+142.9%) over the reporting period.
A8: ="Since tracking began in Sep 2020, UPI QR count grew from "&TEXT(H71,"#,##0")&" to "&TEXT(H141,"#,##0")&" (+"&TEXT(H141/H71-1,"0.0%")&")." -> Since tracking began in Sep 2020, UPI QR count grew from 60,407,000 to 803,048,000 (+1229.4%).
A60: Month | B60: ATM total count (units) | D60: Month | E60: POS terminal count (units) | G60: Month | H60: UPI QR static count (units)
A61: =MIN('Infrastructure Data'!$A$2:$A$1054) -> 43770 | B61: =SUMIFS('Infrastructure Data'!$L$2:$L$1054,'Infrastructure Data'!$A$2:$A$1054,$A61,'Infrastructure Data'!$E$2:$E$1054,"ATMS_TOTAL_DEPLOYED",'Infrastructure Data'!$J$2:$J$1054,"Category_Total") -> 232000 | D61: =A61 -> 43770 | E61: =SUMIFS('Infrastructure Data'!$L$2:$L$1054,'Infrastructure Data'!$A$2:$A$1054,$D61,'Infrastructure Data'!$E$2:$E$1054,"POS_TERMINALS_DEPLOYED") -> 4128000 | G61: =A61 -> 43770 | H61: =IF($G61<DATE(2020,9,1),"",SUMIFS('Infrastructure Data'!$L$2:$L$1054,'Infrastructure Data'!$A$2:$A$1054,$G61,'Infrastructure Data'!$E$2:$E$1054,"UPI_QR_STATIC_DEPLOYED"))
A62: =EDATE(A61,1) -> 43800 | B62: =SUMIFS('Infrastructure Data'!$L$2:$L$1054,'Infrastructure Data'!$A$2:$A$1054,$A62,'Infrastructure Data'!$E$2:$E$1054,"ATMS_TOTAL_DEPLOYED",'Infrastructure Data'!$J$2:$J$1054,"Category_Total") -> 232000 | D62: =A62 -> 43800 | E62: =SUMIFS('Infrastructure Data'!$L$2:$L$1054,'Infrastructure Data'!$A$2:$A$1054,$D62,'Infrastructure Data'!$E$2:$E$1054,"POS_TERMINALS_DEPLOYED") -> 4249000 | G62: =A62 -> 43800 | H62: =IF($G62<DATE(2020,9,1),"",SUMIFS('Infrastructure Data'!$L$2:$L$1054,'Infrastructure Data'!$A$2:$A$1054,$G62,'Infrastructure Data'!$E$2:$E$1054,"UPI_QR_STATIC_DEPLOYED"))
A63: =EDATE(A62,1) -> 43831 | B63: =SUMIFS('Infrastructure Data'!$L$2:$L$1054,'Infrastructure Data'!$A$2:$A$1054,$A63,'Infrastructure Data'!$E$2:$E$1054,"ATMS_TOTAL_DEPLOYED",'Infrastructure Data'!$J$2:$J$1054,"Category_Total") -> 233000 | D63: =A63 -> 43831 | E63: =SUMIFS('Infrastructure Data'!$L$2:$L$1054,'Infrastructure Data'!$A$2:$A$1054,$D63,'Infrastructure Data'!$E$2:$E$1054,"POS_TERMINALS_DEPLOYED") -> 4292000 | G63: =A63 -> 43831 | H63: =IF($G63<DATE(2020,9,1),"",SUMIFS('Infrastructure Data'!$L$2:$L$1054,'Infrastructure Data'!$A$2:$A$1054,$G63,'Infrastructure Data'!$E$2:$E$1054,"UPI_QR_STATIC_DEPLOYED"))
A64: =EDATE(A63,1) -> 43862 | B64: =SUMIFS('Infrastructure Data'!$L$2:$L$1054,'Infrastructure Data'!$A$2:$A$1054,$A64,'Infrastructure Data'!$E$2:$E$1054,"ATMS_TOTAL_DEPLOYED",'Infrastructure Data'!$J$2:$J$1054,"Category_Total") -> 234000 | D64: =A64 -> 43862 | E64: =SUMIFS('Infrastructure Data'!$L$2:$L$1054,'Infrastructure Data'!$A$2:$A$1054,$D64,'Infrastructure Data'!$E$2:$E$1054,"POS_TERMINALS_DEPLOYED") -> 4371000 | G64: =A64 -> 43862 | H64: =IF($G64<DATE(2020,9,1),"",SUMIFS('Infrastructure Data'!$L$2:$L$1054,'Infrastructure Data'!$A$2:$A$1054,$G64,'Infrastructure Data'!$E$2:$E$1054,"UPI_QR_STATIC_DEPLOYED"))
A65: =EDATE(A64,1) -> 43891 | B65: =SUMIFS('Infrastructure Data'!$L$2:$L$1054,'Infrastructure Data'!$A$2:$A$1054,$A65,'Infrastructure Data'!$E$2:$E$1054,"ATMS_TOTAL_DEPLOYED",'Infrastructure Data'!$J$2:$J$1054,"Category_Total") -> 234000 | D65: =A65 -> 43891 | E65: =SUMIFS('Infrastructure Data'!$L$2:$L$1054,'Infrastructure Data'!$A$2:$A$1054,$D65,'Infrastructure Data'!$E$2:$E$1054,"POS_TERMINALS_DEPLOYED") -> 4434000 | G65: =A65 -> 43891 | H65: =IF($G65<DATE(2020,9,1),"",SUMIFS('Infrastructure Data'!$L$2:$L$1054,'Infrastructure Data'!$A$2:$A$1054,$G65,'Infrastructure Data'!$E$2:$E$1054,"UPI_QR_STATIC_DEPLOYED"))
A66: =EDATE(A65,1) -> 43922 | B66: =SUMIFS('Infrastructure Data'!$L$2:$L$1054,'Infrastructure Data'!$A$2:$A$1054,$A66,'Infrastructure Data'!$E$2:$E$1054,"ATMS_TOTAL_DEPLOYED",'Infrastructure Data'!$J$2:$J$1054,"Category_Total") -> 234000 | D66: =A66 -> 43922 | E66: =SUMIFS('Infrastructure Data'!$L$2:$L$1054,'Infrastructure Data'!$A$2:$A$1054,$D66,'Infrastructure Data'!$E$2:$E$1054,"POS_TERMINALS_DEPLOYED") -> 4391000 | G66: =A66 -> 43922 | H66: =IF($G66<DATE(2020,9,1),"",SUMIFS('Infrastructure Data'!$L$2:$L$1054,'Infrastructure Data'!$A$2:$A$1054,$G66,'Infrastructure Data'!$E$2:$E$1054,"UPI_QR_STATIC_DEPLOYED"))
A67: =EDATE(A66,1) -> 43952 | B67: =SUMIFS('Infrastructure Data'!$L$2:$L$1054,'Infrastructure Data'!$A$2:$A$1054,$A67,'Infrastructure Data'!$E$2:$E$1054,"ATMS_TOTAL_DEPLOYED",'Infrastructure Data'!$J$2:$J$1054,"Category_Total") -> 234000 | D67: =A67 -> 43952 | E67: =SUMIFS('Infrastructure Data'!$L$2:$L$1054,'Infrastructure Data'!$A$2:$A$1054,$D67,'Infrastructure Data'!$E$2:$E$1054,"POS_TERMINALS_DEPLOYED") -> 4322000 | G67: =A67 -> 43952 | H67: =IF($G67<DATE(2020,9,1),"",SUMIFS('Infrastructure Data'!$L$2:$L$1054,'Infrastructure Data'!$A$2:$A$1054,$G67,'Infrastructure Data'!$E$2:$E$1054,"UPI_QR_STATIC_DEPLOYED"))
A68: =EDATE(A67,1) -> 43983 | B68: =SUMIFS('Infrastructure Data'!$L$2:$L$1054,'Infrastructure Data'!$A$2:$A$1054,$A68,'Infrastructure Data'!$E$2:$E$1054,"ATMS_TOTAL_DEPLOYED",'Infrastructure Data'!$J$2:$J$1054,"Category_Total") -> 234000 | D68: =A68 -> 43983 | E68: =SUMIFS('Infrastructure Data'!$L$2:$L$1054,'Infrastructure Data'!$A$2:$A$1054,$D68,'Infrastructure Data'!$E$2:$E$1054,"POS_TERMINALS_DEPLOYED") -> 4326000 | G68: =A68 -> 43983 | H68: =IF($G68<DATE(2020,9,1),"",SUMIFS('Infrastructure Data'!$L$2:$L$1054,'Infrastructure Data'!$A$2:$A$1054,$G68,'Infrastructure Data'!$E$2:$E$1054,"UPI_QR_STATIC_DEPLOYED"))
A69: =EDATE(A68,1) -> 44013 | B69: =SUMIFS('Infrastructure Data'!$L$2:$L$1054,'Infrastructure Data'!$A$2:$A$1054,$A69,'Infrastructure Data'!$E$2:$E$1054,"ATMS_TOTAL_DEPLOYED",'Infrastructure Data'!$J$2:$J$1054,"Category_Total") -> 234000 | D69: =A69 -> 44013 | E69: =SUMIFS('Infrastructure Data'!$L$2:$L$1054,'Infrastructure Data'!$A$2:$A$1054,$D69,'Infrastructure Data'!$E$2:$E$1054,"POS_TERMINALS_DEPLOYED") -> 4357000 | G69: =A69 -> 44013 | H69: =IF($G69<DATE(2020,9,1),"",SUMIFS('Infrastructure Data'!$L$2:$L$1054,'Infrastructure Data'!$A$2:$A$1054,$G69,'Infrastructure Data'!$E$2:$E$1054,"UPI_QR_STATIC_DEPLOYED"))
A70: =EDATE(A69,1) -> 44044 | B70: =SUMIFS('Infrastructure Data'!$L$2:$L$1054,'Infrastructure Data'!$A$2:$A$1054,$A70,'Infrastructure Data'!$E$2:$E$1054,"ATMS_TOTAL_DEPLOYED",'Infrastructure Data'!$J$2:$J$1054,"Category_Total") -> 233000 | D70: =A70 -> 44044 | E70: =SUMIFS('Infrastructure Data'!$L$2:$L$1054,'Infrastructure Data'!$A$2:$A$1054,$D70,'Infrastructure Data'!$E$2:$E$1054,"POS_TERMINALS_DEPLOYED") -> 4355000 | G70: =A70 -> 44044 | H70: =IF($G70<DATE(2020,9,1),"",SUMIFS('Infrastructure Data'!$L$2:$L$1054,'Infrastructure Data'!$A$2:$A$1054,$G70,'Infrastructure Data'!$E$2:$E$1054,"UPI_QR_STATIC_DEPLOYED"))
A71: =EDATE(A70,1) -> 44075 | B71: =SUMIFS('Infrastructure Data'!$L$2:$L$1054,'Infrastructure Data'!$A$2:$A$1054,$A71,'Infrastructure Data'!$E$2:$E$1054,"ATMS_TOTAL_DEPLOYED",'Infrastructure Data'!$J$2:$J$1054,"Category_Total") -> 234000 | D71: =A71 -> 44075 | E71: =SUMIFS('Infrastructure Data'!$L$2:$L$1054,'Infrastructure Data'!$A$2:$A$1054,$D71,'Infrastructure Data'!$E$2:$E$1054,"POS_TERMINALS_DEPLOYED") -> 4423000 | G71: =A71 -> 44075 | H71: =IF($G71<DATE(2020,9,1),"",SUMIFS('Infrastructure Data'!$L$2:$L$1054,'Infrastructure Data'!$A$2:$A$1054,$G71,'Infrastructure Data'!$E$2:$E$1054,"UPI_QR_STATIC_DEPLOYED")) -> 60407000
A72: =EDATE(A71,1) -> 44105 | B72: =SUMIFS('Infrastructure Data'!$L$2:$L$1054,'Infrastructure Data'!$A$2:$A$1054,$A72,'Infrastructure Data'!$E$2:$E$1054,"ATMS_TOTAL_DEPLOYED",'Infrastructure Data'!$J$2:$J$1054,"Category_Total") -> 234000 | D72: =A72 -> 44105 | E72: =SUMIFS('Infrastructure Data'!$L$2:$L$1054,'Infrastructure Data'!$A$2:$A$1054,$D72,'Infrastructure Data'!$E$2:$E$1054,"POS_TERMINALS_DEPLOYED") -> 4581000 | G72: =A72 -> 44105 | H72: =IF($G72<DATE(2020,9,1),"",SUMIFS('Infrastructure Data'!$L$2:$L$1054,'Infrastructure Data'!$A$2:$A$1054,$G72,'Infrastructure Data'!$E$2:$E$1054,"UPI_QR_STATIC_DEPLOYED")) -> 65745000
A73: =EDATE(A72,1) -> 44136 | B73: =SUMIFS('Infrastructure Data'!$L$2:$L$1054,'Infrastructure Data'!$A$2:$A$1054,$A73,'Infrastructure Data'!$E$2:$E$1054,"ATMS_TOTAL_DEPLOYED",'Infrastructure Data'!$J$2:$J$1054,"Category_Total") -> 234000 | D73: =A73 -> 44136 | E73: =SUMIFS('Infrastructure Data'!$L$2:$L$1054,'Infrastructure Data'!$A$2:$A$1054,$D73,'Infrastructure Data'!$E$2:$E$1054,"POS_TERMINALS_DEPLOYED") -> 4577000 | G73: =A73 -> 44136 | H73: =IF($G73<DATE(2020,9,1),"",SUMIFS('Infrastructure Data'!$L$2:$L$1054,'Infrastructure Data'!$A$2:$A$1054,$G73,'Infrastructure Data'!$E$2:$E$1054,"UPI_QR_STATIC_DEPLOYED")) -> 69782000
... A141: =EDATE(A140,1) -> 46204 | B141: =SUMIFS('Infrastructure Data'!$L$2:$L$1054,'Infrastructure Data'!$A$2:$A$1054,$A141,'Infrastructure Data'!$E$2:$E$1054,"ATMS_TOTAL_DEPLOYED",'Infrastructure Data'!$J$2:$J$1054,"Category_Total") -> 253000 | D141: =A141 -> 46204 | E141: =SUMIFS('Infrastructure Data'!$L$2:$L$1054,'Infrastructure Data'!$A$2:$A$1054,$D141,'Infrastructure Data'!$E$2:$E$1054,"POS_TERMINALS_DEPLOYED") -> 10028000 | G141: =A141 -> 46204 | H141: =IF($G141<DATE(2020,9,1),"",SUMIFS('Infrastructure Data'!$L$2:$L$1054,'Infrastructure Data'!$A$2:$A$1054,$G141,'Infrastructure Data'!$E$2:$E$1054,"UPI_QR_STATIC_DEPLOYED")) -> 803048000
